client_id,nom,prenom,email,ville,date_inscription,derniere_activite
1,Rey,Alexandrie,alexandrie.rey@live.com,Lüe,2023-10-15,2025-01-21
2,Lagarde,Eugène,eugène.lagarde@yahoo.fr,,2024-07-31,2025-08-25
3,Gaudin,Aimée,aimée.gaudin@sfr.fr,Oô,2024-01-03,2025-10-19
4,Faivre,Noël,noël.faivre@voila.fr,Saint-Eugène,2023-08-01,2025-07-11
5,Faure,Véronique,véronique.faure@club-internet.fr,Bains,2023-02-14,2025-10-23
6,Albert,Thibaut,thibaut.albert@bouygtel.fr,Bert,2023-11-02,2025-09-09
7,Valette,Alice,alice.valette@club-internet.fr,Mer,2023-04-21,2024-11-27
8,Colin,Diane,diane.colin@free.fr,,2024-02-28,2024-12-13
9,Leleu,Laure,laure.leleu@noos.fr,Pons,2023-08-01,2025-06-03
10,Faure,Gilbert,gilbert.faure@hotmail.fr,Oô,2024-08-04,2025-06-29
11,Benard,Céline,céline.benard@sfr.fr,Montguyon,2022-12-28,2025-01-30
12,Grenier,Patrick,patrick.grenier@free.fr,,2023-03-26,2025-07-19
13,Fabre,Frédérique,frédérique.fabre@orange.fr,,2024-09-25,2024-12-24
14,Becker,Alfred,alfred.becker@tele2.fr,Larnaud,2023-02-11,2025-07-18
15,Bernard,Isabelle,isabelle.bernard@gmail.com,Lucé,2024-04-08,2025-08-03
16,Royer,Christophe,christophe.royer@bouygtel.fr,Auge,2023-05-09,2025-05-28
17,Dupré,Charles,charles.dupré@voila.fr,Mer,2023-07-31,2025-09-25
18,Marin,Margaux,margaux.marin@tele2.fr,Élan,2023-02-13,2025-04-25
19,Carpentier,Denis,denis.carpentier@dbmail.com,Perrier,2023-06-08,2024-11-04
20,Moreno,Maryse,maryse.moreno@tele2.fr,Lent,2023-01-01,2024-12-31
21,Auger,Philippe,philippe.auger@tiscali.fr,GermainVille,2023-11-14,2024-11-22
22,Berthelot,Marie,invalid_email,Sainte-Hélène,2023-10-06,2025-01-08
23,Merle,Dominique,dominique.merle@free.fr,Saint-Thomé,2024-04-25,2025-06-29
24,Normand,Guy,guy.normand@laposte.net,Marques,2023-08-30,2025-03-26
25,Millet,Charlotte,charlotte.millet@laposte.net,Béon,2022-12-18,2025-09-09
26,Bourdon,Xavier,xavier.bourdon@live.com,La Boisse,2024-04-25,2025-01-15
27,Leroux,Adrienne,adrienne.leroux@voila.fr,Élan,2023-01-04,2024-12-27
28,Lecoq,Émile,émile.lecoq@hotmail.fr,Vaux-sur-Mer,2024-05-06,2025-05-07
29,Monnier,Roger,roger.monnier@yahoo.fr,Les Costes,2023-03-03,2025-07-25
30,Blot,Capucine,capucine.blot@orange.fr,Saint-Michel,2023-02-17,2025-10-03
31,Thibault,Matthieu,matthieu.thibault@club-internet.fr,Sai,2023-09-03,2025-09-01
32,Baron,Claudine,claudine.baron@dbmail.com,Boué,2023-05-09,2025-03-30
33,Potier,Théophile,théophile.potier@bouygtel.fr,Péré,2022-11-07,2025-09-01
34,Loiseau,Sabine,sabine.loiseau@club-internet.fr,Prissé,2023-03-16,2025-04-22
35,Legendre,Thibault,thibault.legendre@tiscali.fr,,2024-05-19,2025-04-23
36,Raynaud,Claude,claude.raynaud@tele2.fr,,2023-04-18,2025-08-21
37,Bonneau,Richard,richard.bonneau@laposte.net,Marques,2023-09-11,2025-02-19
38,Delahaye,Pénélope,pénélope.delahaye@noos.fr,Ville,2024-05-10,2025-07-28
39,Leroux,Luc,luc.leroux@tele2.fr,Boué,2024-06-28,2025-05-13
40,Noël,Josette,josette.noël@yahoo.fr,Lüe,2023-10-21,2025-04-11
41,Blin,Pauline,pauline.blin@yahoo.fr,Saint-Morel,2022-12-10,2024-11-30
42,Adam,Renée,renée.adam@orange.fr,Boué,2024-09-27,2025-09-19
43,Da Silva,Arthur,arthur.da silva@free.fr,Lüe,2024-03-01,2024-12-10
44,Dupont,Manon,manon.dupont@yahoo.fr,Prissé,2023-04-30,2025-04-27
45,Olivier,William,william.olivier@hotmail.fr,Bû,2024-07-13,2025-07-28
46,Clerc,Henri,henri.clerc@bouygtel.fr,Saint-Vidal,2022-12-11,2025-02-22
47,Nguyen,Lorraine,lorraine.nguyen@live.com,Sai,2023-08-28,2024-11-20
48,Clément,Arnaude,arnaude.clément@free.fr,Huest,2023-05-08,2025-01-18
49,Pinto,Danielle,danielle.pinto@tiscali.fr,Boué,2023-10-16,2025-10-19
50,Briand,Thérèse,thérèse.briand@live.com,Ville,2024-10-05,2024-11-05
51,Aubry,Julie,julie.aubry@sfr.fr,,2023-10-26,2025-06-09
52,Rodrigues,Daniel,daniel.rodrigues@ifrance.com,Bû,2023-02-15,2025-02-16
53,Delmas,Valérie,valérie.delmas@sfr.fr,Prissé,2023-05-03,2025-03-30
54,Goncalves,William,william.goncalves@hotmail.fr,,2023-12-17,2025-06-16
55,Alexandre,Denise,denise.alexandre@noos.fr,Berné,2024-10-25,2025-04-19
56,Roux,François,françois.roux@wanadoo.fr,Prissé,2023-04-23,2025-02-04
57,Neveu,Lorraine,lorraine.neveu@gmail.com,Sai,2024-10-05,2025-06-20
58,Garcia,Colette,colette.garcia@wanadoo.fr,Mer,2023-05-21,2025-01-30
59,Guillot,Bernard,bernard.guillot@dbmail.com,Bains,2023-09-30,2025-01-07
60,Parent,Jacqueline,jacqueline.parent@voila.fr,Carentoir,2023-08-12,2025-10-07
61,Perez,Luce,luce.perez@wanadoo.fr,La Boisse,2023-01-23,2024-12-02
62,Texier,Aimé,aimé.texier@club-internet.fr,Neau,2023-02-16,2025-03-18
63,Navarro,Anastasie,anastasie.navarro@free.fr,,2023-04-09,2025-02-13
64,Henry,Élisabeth,élisabeth.henry@live.com,Sai,2024-02-20,2025-01-02
65,Charrier,Émilie,émilie.charrier@hotmail.fr,Sai,2024-02-12,2025-07-27
66,Carpentier,Aimé,aimé.carpentier@gmail.com,,2024-09-22,2025-04-16
67,Lenoir,Alice,alice.lenoir@orange.fr,Ger,2024-01-18,2025-07-11
68,Vaillant,Clémence,clémence.vaillant@dbmail.com,,2023-09-09,2025-06-10
69,Baron,Stéphanie,stéphanie.baron@ifrance.com,Sainte-Ramée,2023-01-17,2025-07-08
70,Durand,Thibaut,thibaut.durand@free.fr,,2023-06-03,2025-08-10
71,Durand,Thomas,thomas.durand@dbmail.com,Sai,2022-10-31,2025-09-06
72,Grondin,Jacques,jacques.grondin@orange.fr,Lagarde,2024-09-27,2025-09-21
73,Étienne,Bernard,bernard.étienne@voila.fr,Bar,2024-01-08,2024-11-01
74,Roux,Olivie,olivie.roux@yahoo.fr,,2023-06-27,2025-02-05
75,De Sousa,Éléonore,éléonore.de sousa@free.fr,Château-Thierry,2022-12-13,2025-04-11
76,Bouchet,Henri,henri.bouchet@live.com,Bains,2023-09-10,2025-08-24
77,Lelièvre,Frédéric,frédéric.lelièvre@orange.fr,Lüe,2023-12-10,2025-01-15
78,Lévy,Élisabeth,élisabeth.lévy@yahoo.fr,Valette,2024-08-26,2024-11-15
79,Rémy,Robert,robert.rémy@tele2.fr,,2024-03-25,2024-11-23
80,Antoine,Bernard,bernard.antoine@sfr.fr,Son,2022-11-04,2025-08-11
81,François,Pierre,pierre.françois@bouygtel.fr,,2023-01-03,2025-08-25
82,Boulay,Alain,alain.boulay@dbmail.com,Sai,2023-05-16,2025-10-11
83,Perrot,Élisabeth,élisabeth.perrot@club-internet.fr,Boué,2024-01-20,2025-10-02
84,Chartier,Nicolas,nicolas.chartier@live.com,Oô,2024-02-29,2025-07-01
85,Morin,Vincent,vincent.morin@orange.fr,Osse,2023-09-29,2025-01-09
86,Andre,Léon,léon.andre@hotmail.fr,Oô,2023-03-06,2025-08-22
87,Hoareau,Marianne,marianne.hoareau@club-internet.fr,Conte,2024-04-22,2025-03-18
88,Lebrun,Luce,luce.lebrun@dbmail.com,Charpentry,2024-03-29,2025-01-02
89,Moulin,Élodie,élodie.moulin@club-internet.fr,,2024-01-30,2025-09-23
90,Marchand,Françoise,françoise.marchand@tiscali.fr,Ri,2024-06-28,2025-09-27
91,Guilbert,Philippe,philippe.guilbert@ifrance.com,Mée,2024-08-15,2025-05-17
92,Germain,Émilie,émilie.germain@voila.fr,Chevroux,2023-12-14,2025-06-07
93,Boutin,André,andré.boutin@gmail.com,Lent,2024-01-11,2025-07-07
94,Lagarde,Madeleine,invalid_email,Bû,2023-06-07,2025-08-17
95,Le Goff,Christine,christine.le goff@dbmail.com,Gayan,2024-01-23,2024-12-10
96,Thierry,Madeleine,madeleine.thierry@free.fr,Izé,2023-12-24,2025-06-07
97,Rolland,Emmanuelle,emmanuelle.rolland@dbmail.com,Saint-Georges,2022-11-28,2025-05-21
98,Goncalves,Honoré,honoré.goncalves@sfr.fr,,2024-03-16,2025-05-08
99,Bègue,Alphonse,alphonse.bègue@noos.fr,Suré,2023-08-09,2025-05-11
100,Wagner,Gabrielle,gabrielle.wagner@ifrance.com,Humbert,2024-07-13,2025-09-30
101,Picard,Thomas,thomas.picard@free.fr,Lor,2024-09-19,2024-12-14
102,Lévy,Nathalie,nathalie.lévy@orange.fr,Lüe,2023-12-02,2025-08-21
103,Lombard,Caroline,caroline.lombard@free.fr,Lüe,2024-02-19,2025-01-02
104,Garcia,Dominique,dominique.garcia@dbmail.com,Boué,2024-03-03,2025-05-17
105,Berger,Roland,invalid_email,Prissé,2024-10-07,2025-09-18
106,Fontaine,Alex,alex.fontaine@wanadoo.fr,Le Mesnil-Mauger,2023-06-14,2024-11-01
107,Thierry,Madeleine,madeleine.thierry@live.com,Noé,2024-08-19,2025-09-27
108,Meunier,Adélaïde,adélaïde.meunier@tele2.fr,Saint-Denis,2023-04-07,2025-03-15
109,Dos Santos,Laure,laure.dos santos@tiscali.fr,Sainte-Marguerite,2024-08-12,2025-04-17
110,Guyon,Célina,célina.guyon@orange.fr,Blessonville,2023-11-06,2024-12-05
111,Perez,Benjamin,benjamin.perez@hotmail.fr,Valette,2022-12-26,2025-02-22
112,Sanchez,Adélaïde,adélaïde.sanchez@orange.fr,La Boisse,2023-12-14,2024-11-17
113,Raynaud,Josette,josette.raynaud@live.com,Prissé,2023-01-15,2025-06-10
114,Lacombe,Matthieu,matthieu.lacombe@ifrance.com,,2023-03-03,2025-01-10
115,Barbier,Marthe,marthe.barbier@wanadoo.fr,Furmeyer,2022-11-03,2025-10-23
116,Bourdon,Henriette,henriette.bourdon@voila.fr,,2024-08-29,2025-08-19
117,Maury,Benjamin,benjamin.maury@laposte.net,,2024-05-03,2025-04-12
118,Fouquet,Frédérique,frédérique.fouquet@tele2.fr,Lemé,2023-03-07,2025-09-15
119,Fabre,Jeannine,jeannine.fabre@hotmail.fr,,2022-12-27,2025-02-14
120,Boulanger,Sabine,sabine.boulanger@yahoo.fr,Mée,2024-03-04,2025-01-22
121,Charrier,Aimé,aimé.charrier@orange.fr,,2023-11-24,2025-08-08
122,Bouvet,Andrée,andrée.bouvet@orange.fr,,2023-09-04,2025-09-09
123,Lacombe,Victor,victor.lacombe@ifrance.com,Sai,2023-10-18,2025-08-26
124,Laurent,Victoire,victoire.laurent@yahoo.fr,Boué,2024-09-10,2025-08-13
125,Rodriguez,Alexandre,alexandre.rodriguez@tiscali.fr,Lüe,2023-06-10,2025-04-13
126,Philippe,Guy,guy.philippe@laposte.net,Saint-Pair-sur-Mer,2024-06-21,2025-06-06
127,Leconte,Jérôme,jérôme.leconte@orange.fr,,2023-04-28,2025-03-30
128,Wagner,Bertrand,bertrand.wagner@orange.fr,,2022-10-30,2025-09-03
129,Moreau,Alex,alex.moreau@dbmail.com,Andé,2023-02-11,2025-07-30
130,Cordier,Georges,georges.cordier@hotmail.fr,Évaillé,2022-11-02,2025-07-24
131,Coste,Pénélope,pénélope.coste@sfr.fr,Maîche,2024-04-21,2025-07-26
132,Ferreira,Adrienne,adrienne.ferreira@noos.fr,Saint-Paul,2024-07-14,2025-01-03
133,Lagarde,Alice,alice.lagarde@dbmail.com,Bert,2024-02-05,2025-08-08
134,Gilbert,Benoît,benoît.gilbert@tele2.fr,Bert,2022-12-30,2025-02-12
135,Rodrigues,Manon,manon.rodrigues@hotmail.fr,Prissé,2023-06-27,2024-12-30
136,Guillet,Gérard,invalid_email,Lège,2023-07-17,2025-03-17
137,Grenier,Christine,christine.grenier@voila.fr,Oô,2023-11-28,2024-12-14
138,Gomes,David,david.gomes@laposte.net,Boué,2023-06-29,2025-05-29
139,Blin,Maggie,maggie.blin@voila.fr,Gaël,2024-03-13,2025-04-29
140,Chauvin,Laetitia,laetitia.chauvin@club-internet.fr,,2023-01-02,2025-08-31
141,Bourgeois,Hugues,hugues.bourgeois@wanadoo.fr,,2023-02-27,2024-11-25
142,Chartier,Matthieu,matthieu.chartier@bouygtel.fr,Llo,2022-12-13,2025-03-04
143,Gomez,Stéphane,stéphane.gomez@sfr.fr,Brunet,2023-07-10,2025-09-04
144,Thomas,Catherine,catherine.thomas@club-internet.fr,Bert,2023-03-07,2025-07-17
145,Maréchal,Aimée,aimée.maréchal@orange.fr,Sainte-Paule,2022-12-31,2025-01-30
146,Vincent,Bernard,bernard.vincent@gmail.com,Lucé,2024-01-22,2024-12-02
147,Dos Santos,Adèle,adèle.dos santos@bouygtel.fr,Bert,2023-05-15,2025-07-10
148,Peltier,Colette,colette.peltier@ifrance.com,Saint-Albain,2024-05-20,2025-09-29
149,Lemaire,Georges,georges.lemaire@tele2.fr,Fa,2022-11-05,2025-10-03
150,Maréchal,Margaret,margaret.maréchal@sfr.fr,Suré,2023-03-25,2025-08-24
151,Mahe,Bernadette,bernadette.mahe@tiscali.fr,Prissé,2022-11-17,2025-05-25
152,Michaud,Alix,alix.michaud@orange.fr,Martigny-les-Bains,2023-12-23,2025-05-05
153,Mahe,Marguerite,marguerite.mahe@tiscali.fr,Saint-Lucien,2023-08-07,2025-02-28
154,Guillaume,Geneviève,geneviève.guillaume@yahoo.fr,Artins,2023-04-15,2025-10-28
155,Allain,Josette,josette.allain@yahoo.fr,,2022-11-14,2024-11-13
156,Klein,Corinne,corinne.klein@ifrance.com,Ur,2023-04-30,2025-05-01
157,Martel,Benjamin,benjamin.martel@bouygtel.fr,Chervey,2023-04-25,2025-03-04
158,Weiss,Alex,alex.weiss@tiscali.fr,Launay,2023-02-05,2025-09-18
159,Legros,Thibault,thibault.legros@laposte.net,Saint-Robert,2023-06-19,2025-05-06
160,Grondin,Suzanne,suzanne.grondin@club-internet.fr,Ercé,2023-07-13,2025-09-04
161,Mahe,Juliette,juliette.mahe@dbmail.com,Galéria,2024-01-01,2025-07-13
162,Chartier,Claire,claire.chartier@laposte.net,Our,2024-06-02,2024-11-05
163,Vallet,Gérard,gérard.vallet@noos.fr,Ollé,2024-02-25,2024-12-16
164,Gosselin,Gérard,gérard.gosselin@club-internet.fr,Conte,2022-11-15,2025-02-02
165,Loiseau,Lorraine,lorraine.loiseau@tiscali.fr,Rezé,2023-11-04,2025-01-12
166,Prévost,Nath,nath.prévost@laposte.net,,2022-10-30,2025-08-16
167,Rousseau,Audrey,audrey.rousseau@club-internet.fr,Bû,2023-02-07,2025-09-19
168,Lucas,Philippe,philippe.lucas@tele2.fr,Saint-Guillaume,2023-03-21,2025-04-09
169,Nicolas,Jacques,jacques.nicolas@free.fr,Saint-Maurice-le-Girard,2023-08-02,2025-09-08
170,Baron,Timothée,timothée.baron@free.fr,,2024-10-13,2025-05-06
171,Joubert,Benjamin,benjamin.joubert@ifrance.com,Oô,2023-09-15,2025-07-23
172,Ruiz,Adrienne,adrienne.ruiz@ifrance.com,Bert,2023-07-29,2025-01-04
173,Charles,Sabine,sabine.charles@orange.fr,Chérêt,2023-06-20,2025-06-29
174,Delorme,Paul,paul.delorme@voila.fr,Lez,2024-09-24,2024-11-27
175,Martel,Agnès,agnès.martel@orange.fr,Anché,2024-10-02,2024-11-06
176,Delaunay,Inès,inès.delaunay@noos.fr,Lüe,2023-03-25,2024-10-31
177,Boutin,Christine,christine.boutin@dbmail.com,Mer,2024-03-17,2025-10-19
178,Humbert,Mathilde,mathilde.humbert@yahoo.fr,Anché,2023-05-01,2025-07-25
179,Royer,Suzanne,suzanne.royer@dbmail.com,Prissé,2023-04-13,2025-06-28
180,Baron,Patrick,patrick.baron@tele2.fr,Maury,2024-04-14,2025-04-02
181,Coste,Olivie,olivie.coste@gmail.com,Ollé,2023-04-20,2024-12-18
182,Buisson,Alain,alain.buisson@laposte.net,Gaillard,2024-07-29,2025-09-12
183,Lacroix,Thérèse,thérèse.lacroix@club-internet.fr,Prissé,2023-05-25,2025-03-07
184,Coulon,Chantal,invalid_email,,2023-08-24,2025-02-23
185,Faure,Michèle,michèle.faure@orange.fr,Béon,2022-11-09,2025-09-11
186,Charrier,Paulette,paulette.charrier@gmail.com,Ville,2024-01-16,2025-03-30
187,Toussaint,Alfred,alfred.toussaint@sfr.fr,,2024-08-19,2025-02-22
188,Laroche,Hugues,hugues.laroche@voila.fr,Rémy,2023-03-21,2025-03-22
189,Marques,Eugène,eugène.marques@hotmail.fr,Saint-Michel,2022-11-07,2025-08-16
190,Lombard,Emmanuelle,emmanuelle.lombard@gmail.com,Péré,2024-01-02,2025-04-28
191,Bernard,Maggie,maggie.bernard@tele2.fr,Ger,2023-02-16,2025-05-08
192,Aubert,Jacques,jacques.aubert@dbmail.com,,2024-09-12,2025-06-28
193,Goncalves,Laure,laure.goncalves@club-internet.fr,Prissé,2023-09-21,2025-09-19
194,Cordier,Alice,alice.cordier@sfr.fr,Caro,2024-01-19,2025-05-01
195,Bailly,Audrey,audrey.bailly@gmail.com,Boué,2024-09-23,2024-12-22
196,Blondel,Richard,richard.blondel@dbmail.com,Rivière,2023-09-06,2025-10-17
197,Petit,Aimée,aimée.petit@bouygtel.fr,Boué,2023-04-12,2025-08-27
198,Moulin,Grégoire,grégoire.moulin@sfr.fr,,2023-08-18,2025-07-25
199,Mendès,Jules,jules.mendès@gmail.com,,2024-06-05,2025-01-01
200,Noël,Célina,célina.noël@hotmail.fr,Eth,2023-08-13,2025-09-02
201,Collet,Lorraine,lorraine.collet@yahoo.fr,Oô,2023-01-17,2025-09-26
202,Legros,Augustin,augustin.legros@tele2.fr,Saint-Thomas,2023-02-27,2024-12-28
203,Leleu,Amélie,amélie.leleu@club-internet.fr,Maillet,2023-01-27,2025-10-03
204,Charrier,Jules,jules.charrier@orange.fr,,2023-02-18,2025-10-24
205,Roy,Cécile,cécile.roy@hotmail.fr,,2023-01-25,2025-01-18
206,Perret,Gérard,gérard.perret@laposte.net,Lüe,2023-09-10,2025-07-10
207,Sauvage,Laurent,laurent.sauvage@voila.fr,Toussaint,2024-07-03,2025-07-28
208,Muller,Emmanuelle,emmanuelle.muller@orange.fr,Oô,2024-02-14,2025-10-14
209,Deschamps,Margaret,margaret.deschamps@free.fr,Saint-Simon,2024-07-17,2025-02-27
210,Albert,Roland,roland.albert@laposte.net,Rossillon,2024-06-24,2025-03-29
211,Bertin,Rémy,rémy.bertin@yahoo.fr,Cos,2024-05-07,2025-08-25
212,Moreau,Henriette,henriette.moreau@noos.fr,Saint-Clair,2023-12-17,2024-11-19
213,Labbé,Patricia,patricia.labbé@dbmail.com,Ri,2024-03-19,2025-02-13
214,Lopez,Honoré,honoré.lopez@wanadoo.fr,Gron,2023-05-18,2025-04-21
215,Godard,Alice,alice.godard@tiscali.fr,,2023-01-21,2025-10-20
216,Andre,Patrick,patrick.andre@tele2.fr,Aurice,2023-04-04,2024-12-20
217,Roux,Élodie,élodie.roux@noos.fr,Rivière,2023-03-03,2025-04-28
218,Descamps,Pauline,pauline.descamps@yahoo.fr,Roche,2023-06-26,2025-08-07
219,Martins,Stéphane,stéphane.martins@yahoo.fr,Lüe,2023-08-30,2025-09-27
220,Jacques,Roland,roland.jacques@free.fr,,2024-08-10,2025-07-05
221,Lemoine,Laurent,laurent.lemoine@tiscali.fr,Sai,2023-08-11,2025-05-03
222,Richard,Anaïs,anaïs.richard@yahoo.fr,Adam-lès-Passavant,2024-04-07,2025-05-19
223,Blondel,Martine,martine.blondel@ifrance.com,Suré,2022-12-08,2025-09-20
224,Bègue,Lucie,lucie.bègue@tiscali.fr,Le Roux,2023-05-16,2025-07-16
225,Ferreira,Thibaut,thibaut.ferreira@gmail.com,Montsalvy,2023-09-07,2025-06-03
226,Lambert,Tristan,tristan.lambert@noos.fr,Oô,2023-05-08,2025-08-01
227,Guillet,Robert,robert.guillet@live.com,,2024-05-05,2025-01-28
228,Lecoq,Mathilde,invalid_email,Andé,2024-09-25,2025-08-22
229,Boulay,Frédérique,frédérique.boulay@sfr.fr,,2024-03-05,2025-08-09
230,Schneider,Brigitte,brigitte.schneider@bouygtel.fr,Sainte-Cécile,2023-01-24,2025-08-26
231,Gomez,Louise,louise.gomez@gmail.com,Saint-Just-Sauvage,2024-07-07,2025-02-17
232,Dupuy,Dorothée,dorothée.dupuy@dbmail.com,Moulainville,2024-07-11,2025-03-08
233,Besson,Suzanne,suzanne.besson@noos.fr,Chard,2024-06-24,2025-04-23
234,Carpentier,Zacharie,zacharie.carpentier@live.com,Azé,2024-08-26,2025-10-29
235,Lamy,Simone,simone.lamy@wanadoo.fr,Drée,2024-01-04,2024-11-28
236,Rossi,Luc,luc.rossi@bouygtel.fr,Humbert,2023-10-27,2025-02-03
237,Masse,Manon,manon.masse@laposte.net,Thalamy,2024-08-07,2025-07-29
238,Leleu,François,françois.leleu@hotmail.fr,Montguyon,2024-09-01,2025-08-12
239,Grégoire,Roger,roger.grégoire@club-internet.fr,Sainte-Léocadie,2024-06-24,2025-09-28
240,Michaud,Emmanuel,emmanuel.michaud@club-internet.fr,Saint-Joseph,2023-05-24,2025-01-08
241,Meunier,Françoise,françoise.meunier@tele2.fr,Prissé,2024-10-12,2024-12-23
242,Tanguy,Nath,nath.tanguy@sfr.fr,,2024-01-11,2025-03-20
243,Olivier,Gabriel,gabriel.olivier@tele2.fr,Prissé,2024-02-18,2025-07-23
244,Chevalier,Alice,alice.chevalier@free.fr,Robion,2024-08-27,2025-07-12
245,Labbé,Sébastien,sébastien.labbé@ifrance.com,Chard,2024-06-26,2025-05-02
246,Louis,Antoine,antoine.louis@voila.fr,Prissé,2023-07-08,2025-09-07
247,Henry,Édouard,édouard.henry@bouygtel.fr,Sai,2024-04-01,2025-02-26
248,Carlier,Andrée,andrée.carlier@voila.fr,,2023-06-11,2025-10-28
249,Hoareau,Marthe,marthe.hoareau@wanadoo.fr,,2023-02-28,2024-12-18
250,Guichard,Juliette,juliette.guichard@noos.fr,,2023-04-14,2025-06-08
251,Gosselin,Sébastien,sébastien.gosselin@club-internet.fr,Andé,2023-12-30,2025-09-20
252,Guyot,Victoire,victoire.guyot@noos.fr,Essé,2023-12-11,2025-05-16
253,Arnaud,Charlotte,charlotte.arnaud@hotmail.fr,,2024-07-11,2025-02-07
254,Becker,Gabrielle,gabrielle.becker@club-internet.fr,Valette,2023-12-16,2025-07-18
255,Fournier,Corinne,corinne.fournier@club-internet.fr,Vaillant,2023-10-26,2024-11-03
256,Gimenez,Philippe,philippe.gimenez@hotmail.fr,Bains,2024-09-16,2025-07-05
257,Hernandez,Claire,claire.hernandez@tele2.fr,Prissé,2023-11-03,2025-06-30
258,Gomes,Margot,margot.gomes@orange.fr,Die,2024-05-07,2025-02-18
259,Pichon,Anaïs,anaïs.pichon@club-internet.fr,Mée,2024-09-30,2025-06-18
260,Le Gall,Nicole,nicole.le gall@dbmail.com,,2024-05-17,2025-03-20
261,Boyer,Michel,michel.boyer@laposte.net,Bains,2024-10-06,2025-09-18
262,Klein,Marcelle,marcelle.klein@gmail.com,,2023-04-16,2025-09-25
263,Lemonnier,Vincent,vincent.lemonnier@sfr.fr,Oô,2023-01-27,2025-04-28
264,Perrin,Sébastien,sébastien.perrin@dbmail.com,Quié,2023-11-02,2024-12-30
265,Maillot,Sabine,sabine.maillot@voila.fr,,2023-01-10,2025-06-29
266,De Sousa,Pauline,pauline.de sousa@club-internet.fr,Sainte-Agnès,2022-12-28,2025-06-22
267,Fernandez,Margot,margot.fernandez@laposte.net,Boyer,2022-11-23,2025-08-29
268,Louis,Gabrielle,gabrielle.louis@gmail.com,Bû,2022-10-30,2025-01-25
269,Gérard,Richard,richard.gérard@yahoo.fr,Mée,2024-01-24,2025-03-01
270,Bouvet,Claude,claude.bouvet@club-internet.fr,Andé,2024-05-08,2025-03-23
271,Legrand,Élise,élise.legrand@voila.fr,,2023-08-13,2025-09-02
272,Rocher,Laure,invalid_email,,2024-10-19,2025-08-13
273,Meunier,Sabine,sabine.meunier@live.com,,2023-07-14,2024-12-19
274,Fouquet,Patricia,patricia.fouquet@hotmail.fr,Prissé,2024-10-06,2025-05-22
275,Perrot,Élisabeth,élisabeth.perrot@gmail.com,Noé,2024-09-23,2025-09-19
276,Loiseau,Madeleine,madeleine.loiseau@laposte.net,Saint-Gabriel-Brécy,2023-12-11,2025-01-19
277,Hervé,Jeanne,jeanne.hervé@yahoo.fr,,2024-04-14,2025-07-14
278,Leconte,Joseph,joseph.leconte@dbmail.com,Cairon,2023-01-18,2025-03-22
279,Pasquier,Susanne,susanne.pasquier@noos.fr,Saint-Paul-de-Varax,2024-03-17,2025-03-16
280,Garnier,Zoé,zoé.garnier@noos.fr,Bailly,2022-12-18,2025-03-28
281,Pichon,Catherine,catherine.pichon@bouygtel.fr,,2024-08-09,2025-08-29
282,Charpentier,Jeannine,jeannine.charpentier@club-internet.fr,Saint-Joseph-des-Bancs,2024-05-14,2025-10-27
283,Morel,Adrienne,adrienne.morel@gmail.com,,2024-01-11,2025-06-09
284,Faure,Dorothée,dorothée.faure@wanadoo.fr,Mer,2023-08-23,2025-05-28
285,Robin,Aurore,aurore.robin@laposte.net,Boué,2024-07-05,2025-10-27
286,Berthelot,Olivier,olivier.berthelot@laposte.net,Oô,2024-10-25,2024-11-16
287,Moreno,Eugène,eugène.moreno@live.com,Sainte-Christine,2022-12-12,2024-12-01
288,Dubois,Juliette,juliette.dubois@ifrance.com,Drée,2024-01-01,2025-01-02
289,Gimenez,Alice,alice.gimenez@voila.fr,Perret,2023-10-02,2025-10-22
290,Pierre,Paulette,paulette.pierre@yahoo.fr,Boué,2023-07-31,2025-09-10
291,Barbe,Thibaut,thibaut.barbe@voila.fr,Boué,2023-10-01,2025-05-10
292,Martin,Astrid,astrid.martin@hotmail.fr,Ambert,2023-01-26,2025-10-23
293,Benard,Margaux,margaux.benard@noos.fr,,2023-04-30,2025-04-28
294,Nguyen,Henriette,henriette.nguyen@dbmail.com,Saint-Grégoire,2024-10-07,2025-04-27
295,Jean,Gérard,gérard.jean@hotmail.fr,Élan,2023-05-19,2025-01-10
296,Payet,Marie,marie.payet@sfr.fr,Lüe,2024-08-18,2025-10-07
297,Ollivier,Édith,édith.ollivier@free.fr,Andé,2024-03-19,2025-08-17
298,Barre,Gilbert,gilbert.barre@gmail.com,Lüe,2023-01-07,2025-03-07
299,Boucher,Christine,christine.boucher@free.fr,,2023-10-20,2024-11-25
300,Marques,Louis,louis.marques@club-internet.fr,Oô,2024-02-09,2025-02-28
301,Bouchet,Lucas,lucas.bouchet@noos.fr,Besné,2023-10-15,2025-05-31
302,Peron,Colette,colette.peron@noos.fr,Lüe,2023-09-03,2025-02-21
303,Philippe,Marie,marie.philippe@tiscali.fr,Deaux,2023-02-26,2025-08-10
304,Munoz,Dominique,dominique.munoz@wanadoo.fr,Vallouise-Pelvoux,2023-03-12,2025-09-08
305,Pelletier,Brigitte,brigitte.pelletier@dbmail.com,Vierville,2024-03-31,2025-07-16
306,Martinez,Adèle,adèle.martinez@laposte.net,,2024-06-04,2024-11-11
307,Laine,Adèle,adèle.laine@gmail.com,Boué,2023-08-12,2025-08-23
308,Loiseau,Georges,georges.loiseau@free.fr,Néré,2023-02-15,2024-11-21
309,Barre,Aimée,aimée.barre@voila.fr,Fontaine-Henry,2023-02-22,2025-08-13
310,Chauveau,Denise,denise.chauveau@wanadoo.fr,Martinet,2024-10-14,2025-01-02
311,Jacquet,Martine,martine.jacquet@voila.fr,Mée,2022-12-25,2025-05-25
312,David,Madeleine,madeleine.david@dbmail.com,Bert,2024-08-11,2025-06-08
313,Prévost,Aurore,aurore.prévost@noos.fr,Saint-Xandre,2024-05-31,2025-08-07
314,Launay,Marcel,marcel.launay@noos.fr,,2022-11-03,2025-10-19
315,De Oliveira,Marianne,marianne.de oliveira@tele2.fr,,2024-02-23,2025-07-17
316,Pelletier,Marcel,marcel.pelletier@bouygtel.fr,Lüe,2023-10-03,2025-08-01
317,Duhamel,Christiane,christiane.duhamel@gmail.com,Marcé,2023-01-25,2025-03-02
318,Gérard,Henri,henri.gérard@wanadoo.fr,Bains,2024-03-10,2024-11-03
319,Pierre,Luce,luce.pierre@bouygtel.fr,Le Bernard,2023-05-06,2025-02-15
320,Pierre,Nath,nath.pierre@free.fr,Boé,2024-07-15,2025-07-15
321,Guillaume,Frédérique,frédérique.guillaume@dbmail.com,,2024-02-16,2025-09-13
322,Blanc,Catherine,catherine.blanc@hotmail.fr,Léon,2023-10-15,2025-10-22
323,Weber,Véronique,véronique.weber@noos.fr,Saint-Georges-sur-Eure,2024-03-11,2025-08-05
324,Rossi,Bernard,bernard.rossi@noos.fr,Lagarde,2023-12-14,2025-08-08
325,Dupré,Henriette,henriette.dupré@live.com,,2023-10-27,2025-08-08
326,Rémy,Céline,céline.rémy@orange.fr,Boué,2024-02-19,2024-12-08
327,Marin,Nath,nath.marin@yahoo.fr,Lüe,2023-11-11,2025-05-26
328,Briand,Christophe,christophe.briand@noos.fr,Oô,2022-12-10,2025-08-31
329,Da Costa,Audrey,audrey.da costa@ifrance.com,Escamps,2023-01-12,2025-05-16
330,Evrard,Pénélope,pénélope.evrard@hotmail.fr,Carrère,2023-05-02,2025-06-10
331,Grégoire,Maryse,maryse.grégoire@free.fr,Mer,2023-01-12,2024-12-08
332,Navarro,Jean,jean.navarro@sfr.fr,Boué,2022-11-22,2025-06-13
333,Torres,Lucy,lucy.torres@bouygtel.fr,Champs,2024-05-22,2025-04-11
334,Leclerc,Corinne,corinne.leclerc@tele2.fr,Élan,2023-10-30,2025-04-29
335,Blin,Thierry,thierry.blin@dbmail.com,,2023-04-17,2025-10-21
336,Maillard,Zacharie,zacharie.maillard@free.fr,Bar,2024-09-03,2025-08-09
337,Michaud,Caroline,caroline.michaud@orange.fr,,2022-11-29,2024-10-29
338,Marchal,Gilles,gilles.marchal@dbmail.com,Élan,2024-04-13,2025-10-29
339,Pottier,Marcelle,marcelle.pottier@dbmail.com,Ernée,2023-07-11,2025-08-30
340,Chartier,Adélaïde,adélaïde.chartier@sfr.fr,Gaël,2024-06-03,2024-11-03
341,Étienne,Charlotte,charlotte.étienne@yahoo.fr,Angé,2023-07-26,2024-11-16
342,Gay,Franck,franck.gay@free.fr,Chauvé,2024-06-07,2025-09-23
343,Arnaud,Lucas,lucas.arnaud@hotmail.fr,Saint-Paul,2023-10-03,2025-04-08
344,Lacombe,Nicole,nicole.lacombe@free.fr,Boé,2023-04-04,2025-02-10
345,Raymond,Paulette,paulette.raymond@yahoo.fr,Lemé,2024-09-28,2024-11-16
346,Pichon,René,rené.pichon@sfr.fr,Bert,2024-01-25,2025-06-30
347,Faivre,Émilie,émilie.faivre@dbmail.com,,2024-10-01,2024-11-29
348,Boucher,Guy,guy.boucher@free.fr,Le Roux,2023-08-22,2025-07-16
349,Delaunay,Isaac,isaac.delaunay@voila.fr,Saint-Martin,2023-10-31,2024-12-31
350,Dupont,Célina,célina.dupont@ifrance.com,Le Mesnil-Garnier,2023-09-16,2025-01-22
351,Gros,Thibaut,thibaut.gros@tele2.fr,Bû,2024-01-16,2025-02-26
352,Pages,Benoît,benoît.pages@sfr.fr,,2024-07-13,2025-08-17
353,Poulain,Inès,inès.poulain@tiscali.fr,Maillet,2023-07-13,2025-02-23
354,Guichard,Hugues,hugues.guichard@sfr.fr,,2023-01-02,2025-05-24
355,Becker,Alice,alice.becker@free.fr,Sai,2024-02-12,2024-11-29
356,Courtois,Constance,constance.courtois@club-internet.fr,Bert,2024-01-23,2025-04-04
357,Ribeiro,Christiane,christiane.ribeiro@live.com,Joux,2024-10-25,2025-07-08
358,Aubert,William,william.aubert@bouygtel.fr,Sai,2023-04-21,2025-07-09
359,Charpentier,Stéphane,stéphane.charpentier@ifrance.com,Prissé,2024-05-16,2024-12-22
360,Dubois,Gilles,gilles.dubois@club-internet.fr,Ri,2023-06-19,2024-12-05
361,Regnier,Charles,charles.regnier@orange.fr,Béon,2023-03-21,2025-09-22
362,Renaud,Lucy,lucy.renaud@free.fr,Chérêt,2023-02-16,2024-11-30
363,Lefèvre,Nathalie,nathalie.lefèvre@orange.fr,Challes-la-Montagne,2022-12-06,2024-12-30
364,Le Roux,Lucy,lucy.le roux@ifrance.com,Drée,2024-06-27,2025-01-01
365,Vallée,Julie,julie.vallée@orange.fr,Prissé,2023-03-29,2025-01-09
366,Pages,Maggie,maggie.pages@dbmail.com,Boué,2022-10-30,2025-05-14
367,Cordier,Margot,margot.cordier@free.fr,,2023-07-24,2024-11-01
368,Pons,Valentine,valentine.pons@laposte.net,,2023-03-26,2025-10-27
369,Alexandre,Arthur,arthur.alexandre@voila.fr,Saléon,2024-01-01,2025-03-14
370,Joly,Juliette,juliette.joly@wanadoo.fr,Élan,2024-06-24,2025-08-25
371,Bonnet,Édouard,édouard.bonnet@bouygtel.fr,Sai,2023-07-29,2025-01-17
372,Besson,Martine,martine.besson@noos.fr,Noé,2023-04-03,2025-04-15
373,Lebon,Sabine,sabine.lebon@wanadoo.fr,,2023-10-03,2025-04-08
374,Mercier,Hélène,invalid_email,Pau,2023-06-23,2025-10-12
375,Valentin,Jeanne,jeanne.valentin@hotmail.fr,Valette,2024-04-02,2025-04-25
376,Lambert,Augustin,invalid_email,Bû,2023-05-31,2025-07-01
377,Peltier,Claudine,claudine.peltier@dbmail.com,,2024-02-03,2025-01-11
378,Nguyen,Augustin,augustin.nguyen@voila.fr,Boué,2024-09-08,2024-11-27
379,Brunet,Manon,manon.brunet@ifrance.com,,2024-03-25,2024-11-02
380,Michaud,René,rené.michaud@club-internet.fr,Labbeville,2023-06-24,2025-08-17
381,Dupuis,Olivier,olivier.dupuis@bouygtel.fr,Boué,2022-11-21,2025-05-01
382,Ferrand,Marc,marc.ferrand@voila.fr,Saint-Laurent-sur-Mer,2024-04-19,2025-01-17
383,Gauthier,Joseph,joseph.gauthier@sfr.fr,Mer,2023-02-23,2025-10-14
384,Boyer,Augustin,augustin.boyer@ifrance.com,,2023-12-24,2025-03-14
385,Normand,Sabine,sabine.normand@yahoo.fr,Valette,2023-03-30,2025-05-19
386,Muller,Dominique,dominique.muller@voila.fr,,2024-08-04,2024-12-22
387,Simon,Louise,louise.simon@gmail.com,Fa,2023-09-25,2025-03-10
388,Lecomte,André,andré.lecomte@yahoo.fr,Boué,2023-08-02,2025-07-30
389,Joseph,Véronique,véronique.joseph@yahoo.fr,Le Roux,2023-05-12,2025-06-05
390,Parent,Luce,luce.parent@yahoo.fr,,2023-10-28,2025-10-18
391,Dias,Benjamin,benjamin.dias@laposte.net,,2024-05-02,2025-07-18
392,Legendre,Jeannine,jeannine.legendre@dbmail.com,Fontaine-Henry,2024-02-25,2025-06-07
393,Turpin,Paulette,paulette.turpin@orange.fr,Vallet,2024-10-09,2025-04-10
394,Vallet,Philippe,philippe.vallet@yahoo.fr,Saint-Maurice-le-Girard,2024-08-23,2025-06-07
395,Gosselin,Élodie,élodie.gosselin@dbmail.com,Vallet,2024-08-25,2024-11-13
396,Blot,Véronique,véronique.blot@sfr.fr,Prissé,2024-05-08,2024-11-21
397,Pons,Joseph,joseph.pons@tele2.fr,,2024-05-28,2025-02-27
398,Mallet,Denise,denise.mallet@wanadoo.fr,Saint-Gilles,2023-01-05,2025-01-29
399,Hardy,Daniel,daniel.hardy@tiscali.fr,Mée,2022-11-12,2025-08-07
400,Thierry,Jeannine,jeannine.thierry@dbmail.com,,2024-03-05,2025-10-14
401,Paris,Marthe,marthe.paris@sfr.fr,Albert,2024-04-30,2025-01-29
402,Moreau,Denise,denise.moreau@ifrance.com,Prissé,2023-01-12,2025-04-28
403,Lelièvre,Hortense,hortense.lelièvre@live.com,Bert,2023-10-17,2025-10-01
404,Baron,Lucy,lucy.baron@live.com,,2023-06-22,2025-10-03
405,Bazin,Catherine,catherine.bazin@hotmail.fr,Châtillon-Guyotte,2024-09-20,2025-10-10
406,Lelièvre,Charlotte,charlotte.lelièvre@tele2.fr,,2023-07-22,2024-12-06
407,Aubry,Éric,éric.aubry@yahoo.fr,Marin,2022-11-17,2025-02-14
408,Da Costa,Margaud,margaud.da costa@free.fr,Ambert,2024-01-30,2024-11-11
409,Hamon,Christophe,christophe.hamon@voila.fr,Prissé,2024-02-01,2025-02-18
410,Leroux,Gabriel,gabriel.leroux@ifrance.com,Son,2022-12-22,2025-01-07
411,Mary,Victor,victor.mary@live.com,Boé,2023-04-02,2025-06-04
412,Godard,Jeanne,jeanne.godard@laposte.net,,2023-07-05,2025-01-06
413,Blanchard,Nath,nath.blanchard@noos.fr,,2024-09-15,2025-05-04
414,Evrard,Agnès,agnès.evrard@orange.fr,,2023-10-16,2025-04-03
415,Fleury,Michèle,michèle.fleury@laposte.net,Lemé,2023-06-15,2025-04-09
416,Guillaume,Stéphanie,stéphanie.guillaume@yahoo.fr,Schmittviller,2024-08-30,2025-05-28
417,Carlier,Diane,diane.carlier@voila.fr,Boué,2023-08-11,2025-10-14
418,Bruneau,Zoé,zoé.bruneau@free.fr,,2023-10-22,2025-01-02
419,Bouchet,Jeannine,jeannine.bouchet@bouygtel.fr,Boué,2023-06-30,2025-08-19
420,Lemaire,Lucy,lucy.lemaire@orange.fr,Boué,2024-04-11,2025-01-01
421,Camus,Marie,marie.camus@sfr.fr,Ri,2023-09-12,2025-04-03
422,Normand,Frédérique,frédérique.normand@voila.fr,Seyssinet-Pariset,2024-07-15,2024-12-02
423,Humbert,Timothée,timothée.humbert@live.com,Sai,2023-08-10,2025-02-24
424,Laroche,Victor,victor.laroche@ifrance.com,Mée,2023-03-28,2025-07-06
425,Dias,Matthieu,matthieu.dias@tele2.fr,Lüe,2023-11-22,2025-07-11
426,Lucas,Élise,élise.lucas@gmail.com,Aure,2023-04-28,2025-10-15
427,Monnier,Anouk,anouk.monnier@tiscali.fr,Mer,2024-07-12,2025-09-14
428,Laurent,Margaux,margaux.laurent@dbmail.com,,2023-09-11,2025-10-19
429,Guichard,Charlotte,charlotte.guichard@orange.fr,Noé,2024-04-19,2025-10-04
430,Bernard,Alain,alain.bernard@orange.fr,Lüe,2024-03-17,2025-06-07
431,Salmon,Maggie,maggie.salmon@dbmail.com,Milhaud,2024-04-09,2025-05-07
432,Da Costa,Claire,claire.da costa@sfr.fr,Chauvé,2023-07-21,2025-01-15
433,Vasseur,Alfred,alfred.vasseur@wanadoo.fr,Sai,2023-06-03,2025-08-29
434,Jacques,Michelle,michelle.jacques@sfr.fr,Lèves,2023-05-07,2025-10-03
435,Rousset,Marcel,marcel.rousset@wanadoo.fr,Hauviné,2023-12-07,2025-02-14
436,Lemonnier,Emmanuel,emmanuel.lemonnier@sfr.fr,Launay,2022-12-02,2025-02-20
437,Michel,Alphonse,alphonse.michel@free.fr,Germaine,2023-10-06,2025-07-17
438,Lelièvre,Thomas,thomas.lelièvre@voila.fr,,2024-07-15,2025-03-14
439,Dos Santos,Zoé,zoé.dos santos@dbmail.com,Fa,2023-08-02,2025-04-15
440,Roy,Michèle,michèle.roy@tiscali.fr,Béon,2024-03-29,2024-12-29
441,Deschamps,Éléonore,éléonore.deschamps@dbmail.com,Bû,2023-03-02,2024-11-18
442,Teixeira,Thérèse,thérèse.teixeira@dbmail.com,,2023-10-13,2025-03-13
443,Potier,Céline,céline.potier@wanadoo.fr,Sainte-Marthe,2024-06-17,2024-12-28
444,Lambert,Olivier,olivier.lambert@ifrance.com,St barthelemy,2023-05-26,2025-03-07
445,Marty,Michelle,michelle.marty@dbmail.com,,2024-04-24,2025-02-16
446,Charles,Jacqueline,jacqueline.charles@gmail.com,Prissé,2024-03-23,2025-02-23
447,Roux,Benjamin,benjamin.roux@free.fr,,2023-01-21,2025-01-24
448,Texier,Laurence,laurence.texier@gmail.com,Péré,2023-08-04,2025-04-11
449,Payet,Marcelle,marcelle.payet@orange.fr,La Chapelle-du-Châtelard,2023-05-29,2025-01-12
450,Legrand,Hélène,hélène.legrand@yahoo.fr,Deaux,2023-11-22,2025-07-16
451,Bruneau,Pierre,pierre.bruneau@sfr.fr,Bert,2023-06-28,2024-11-29
452,Lévy,Christiane,christiane.lévy@sfr.fr,Sai,2024-08-28,2025-03-25
453,Mace,Michelle,michelle.mace@free.fr,Mée,2023-09-30,2024-10-29
454,Richard,Tristan,tristan.richard@voila.fr,Prissé,2023-01-28,2024-11-30
455,Michaud,Théophile,théophile.michaud@club-internet.fr,Néré,2023-09-17,2024-11-21
456,Antoine,Cécile,cécile.antoine@sfr.fr,Bert,2024-03-21,2025-01-25
457,Olivier,Manon,manon.olivier@voila.fr,Bû,2024-06-06,2025-06-06
458,Leclercq,Benoît,benoît.leclercq@laposte.net,La Boisse,2024-09-25,2025-08-18
459,Dijoux,Guillaume,guillaume.dijoux@orange.fr,Bû,2024-01-20,2024-11-12
460,Coste,Arthur,arthur.coste@laposte.net,Ernée,2024-08-31,2025-05-03
461,Dufour,Maryse,maryse.dufour@free.fr,Essé,2022-11-12,2025-04-08
462,Caron,Nicolas,nicolas.caron@orange.fr,Oô,2024-06-30,2025-08-01
463,Charpentier,Valérie,valérie.charpentier@noos.fr,Lüe,2023-10-29,2024-12-30
464,Chauveau,Claudine,claudine.chauveau@noos.fr,Suré,2023-01-05,2024-12-30
465,Muller,Suzanne,suzanne.muller@tiscali.fr,,2023-06-03,2024-12-20
466,Imbert,Martine,martine.imbert@club-internet.fr,Lüe,2024-06-22,2025-04-19
467,Garcia,Patrick,patrick.garcia@tele2.fr,Albert,2024-03-02,2025-01-13
468,Samson,Valérie,valérie.samson@laposte.net,,2023-11-22,2025-06-27
469,Boucher,Julie,julie.boucher@club-internet.fr,Die,2024-10-11,2025-08-15
470,Vallet,Zoé,zoé.vallet@yahoo.fr,,2022-11-30,2025-08-21
471,Weber,Théodore,théodore.weber@club-internet.fr,Pont,2024-07-08,2025-03-17
472,Carlier,Richard,richard.carlier@yahoo.fr,,2023-11-19,2025-06-20
473,Joubert,Margaud,margaud.joubert@sfr.fr,Élan,2022-11-30,2025-04-30
474,Nicolas,Richard,richard.nicolas@ifrance.com,,2023-04-14,2025-09-10
475,Laporte,Adèle,adèle.laporte@dbmail.com,Noé,2024-09-25,2025-08-05
476,De Sousa,Olivier,olivier.de sousa@laposte.net,,2023-03-27,2025-04-27
477,Hamel,Marine,marine.hamel@tele2.fr,Ville,2022-12-24,2025-03-24
478,Vallet,Renée,renée.vallet@laposte.net,Allèves,2023-11-21,2025-08-24
479,Pons,Laure,laure.pons@laposte.net,,2024-03-25,2025-07-14
480,Buisson,Benjamin,benjamin.buisson@tiscali.fr,Mary,2024-04-02,2025-10-24
481,Boulanger,Marianne,invalid_email,Sai,2022-12-22,2025-10-29
482,Payet,Nath,nath.payet@sfr.fr,Gron,2023-02-04,2025-05-13
483,Leroux,Martin,martin.leroux@noos.fr,Bonnet,2024-06-14,2025-09-02
484,Dijoux,Christophe,christophe.dijoux@bouygtel.fr,Boué,2024-04-23,2025-04-13
485,Picard,Claire,claire.picard@orange.fr,Le Bousquet,2024-07-31,2025-06-12
486,Vasseur,Philippe,philippe.vasseur@orange.fr,Prissé,2023-02-26,2024-11-30
487,Leclerc,Philippine,philippine.leclerc@dbmail.com,Oô,2023-03-18,2025-07-16
488,Guilbert,Marcelle,marcelle.guilbert@free.fr,Bains,2024-05-28,2024-11-09
489,Poulain,Arthur,arthur.poulain@laposte.net,,2023-06-14,2024-11-13
490,Pages,Frédérique,frédérique.pages@voila.fr,,2024-06-27,2025-05-31
491,Marie,Charlotte,charlotte.marie@hotmail.fr,Gilles,2023-12-12,2025-06-24
492,Samson,Alex,alex.samson@sfr.fr,Brunet,2023-10-08,2025-09-20
493,Techer,Michel,michel.techer@voila.fr,Sai,2023-05-23,2024-12-01
494,Lecomte,Brigitte,brigitte.lecomte@laposte.net,Adam-lès-Passavant,2024-09-11,2024-11-29
495,Leblanc,Laure,laure.leblanc@laposte.net,Doux,2023-12-20,2025-09-02
496,Mace,David,david.mace@yahoo.fr,Lèves,2023-12-08,2025-05-26
497,Collin,Claudine,claudine.collin@sfr.fr,,2024-04-23,2025-06-30
498,Laine,Roger,roger.laine@live.com,Boué,2022-12-07,2025-05-26
499,Fouquet,Grégoire,grégoire.fouquet@gmail.com,,2023-12-09,2024-12-19
500,Richard,Zacharie,zacharie.richard@yahoo.fr,,2024-03-31,2025-07-20
188,Laroche,Hugues,hugues.laroche@voila.fr,,2023-03-21,2025-03-22
50,Briand,Thérèse,thérèse.briand@live.com,,2024-10-05,2024-11-05
