client_id,nom,prenom,email,ville,date_inscription,derniere_activite
1,Rey,Alexandrie,alexandrie.rey@live.com,Lejeune,2023-10-15,2025-01-21
2,Lagarde,Eugène,eugène.lagarde@yahoo.fr,,2024-07-31,2025-08-25
3,Gaudin,Aimée,aimée.gaudin@sfr.fr,Lopezdan,2024-01-03,2025-10-19
4,Faivre,Noël,noël.faivre@voila.fr,Saint Eugène,2023-08-01,2025-07-11
5,Faure,Véronique,véronique.faure@club-internet.fr,Sainte Jacques-les-Bains,2023-02-14,2025-10-23
6,Albert,Thibaut,thibaut.albert@bouygtel.fr,Imbert,2023-11-02,2025-09-09
7,Valette,Alice,alice.valette@club-internet.fr,Petit-sur-Mer,2023-04-21,2024-11-27
8,Colin,Diane,diane.colin@free.fr,,2024-02-28,2024-12-13
9,Leleu,Laure,laure.leleu@noos.fr,Pons,2023-08-01,2025-06-03
10,Faure,Gilbert,gilbert.faure@hotmail.fr,Monnier,2024-08-04,2025-06-29
11,Benard,Céline,céline.benard@sfr.fr,Guyon,2022-12-28,2025-01-30
12,Grenier,Patrick,patrick.grenier@free.fr,,2023-03-26,2025-07-19
13,Fabre,Frédérique,frédérique.fabre@orange.fr,,2024-09-25,2024-12-24
14,Becker,Alfred,alfred.becker@tele2.fr,Arnaud,2023-02-11,2025-07-18
15,Bernard,Isabelle,isabelle.bernard@gmail.com,Sainte Lucieboeuf,2024-04-08,2025-08-03
16,Royer,Christophe,christophe.royer@bouygtel.fr,Augernec,2023-05-09,2025-05-28
17,Dupré,Charles,charles.dupré@voila.fr,Pichon-sur-Mer,2023-07-31,2025-09-25
18,Marin,Margaux,margaux.marin@tele2.fr,Blanc-sur-Mer,2023-02-13,2025-04-25
19,Carpentier,Denis,denis.carpentier@dbmail.com,Perrier,2023-06-08,2024-11-04
20,Moreno,Maryse,maryse.moreno@tele2.fr,Saint ValentineVille,2023-01-01,2024-12-31
21,Auger,Philippe,philippe.auger@tiscali.fr,GermainVille,2023-11-14,2024-11-22
22,Berthelot,Marie,invalid_email,Saint Hélène,2023-10-06,2025-01-08
23,Merle,Dominique,dominique.merle@free.fr,Saint Thomasdan,2024-04-25,2025-06-29
24,Normand,Guy,guy.normand@laposte.net,Marques,2023-08-30,2025-03-26
25,Millet,Charlotte,charlotte.millet@laposte.net,Lebon-les-Bains,2022-12-18,2025-09-09
26,Bourdon,Xavier,xavier.bourdon@live.com,Pelletier-la-Forêt,2024-04-25,2025-01-15
27,Leroux,Adrienne,adrienne.leroux@voila.fr,Blanchet,2023-01-04,2024-12-27
28,Lecoq,Émile,émile.lecoq@hotmail.fr,Devaux-sur-Mer,2024-05-06,2025-05-07
29,Monnier,Roger,roger.monnier@yahoo.fr,Coste,2023-03-03,2025-07-25
30,Blot,Capucine,capucine.blot@orange.fr,Michel,2023-02-17,2025-10-03
31,Thibault,Matthieu,matthieu.thibault@club-internet.fr,Saint Daniel-la-Forêt,2023-09-03,2025-09-01
32,Baron,Claudine,claudine.baron@dbmail.com,Saint LuceBourg,2023-05-09,2025-03-30
33,Potier,Théophile,théophile.potier@bouygtel.fr,Pruvost,2022-11-07,2025-09-01
34,Loiseau,Sabine,sabine.loiseau@club-internet.fr,Pariss,2023-03-16,2025-04-22
35,Legendre,Thibault,thibault.legendre@tiscali.fr,,2024-05-19,2025-04-23
36,Raynaud,Claude,claude.raynaud@tele2.fr,,2023-04-18,2025-08-21
37,Bonneau,Richard,richard.bonneau@laposte.net,Marques,2023-09-11,2025-02-19
38,Delahaye,Pénélope,pénélope.delahaye@noos.fr,Sainte MargaudVille,2024-05-10,2025-07-28
39,Leroux,Luc,luc.leroux@tele2.fr,Bourgeois-sur-Mer,2024-06-28,2025-05-13
40,Noël,Josette,josette.noël@yahoo.fr,Sainte Michelle,2023-10-21,2025-04-11
41,Blin,Pauline,pauline.blin@yahoo.fr,Morel,2022-12-10,2024-11-30
42,Adam,Renée,renée.adam@orange.fr,LégerBourg,2024-09-27,2025-09-19
43,Da Silva,Arthur,arthur.da silva@free.fr,Saint Isabelle,2024-03-01,2024-12-10
44,Dupont,Manon,manon.dupont@yahoo.fr,Pariss,2023-04-30,2025-04-27
45,Olivier,William,william.olivier@hotmail.fr,Berger,2024-07-13,2025-07-28
46,Clerc,Henri,henri.clerc@bouygtel.fr,Vidal,2022-12-11,2025-02-22
47,Nguyen,Lorraine,lorraine.nguyen@live.com,Sainte Aurélienec,2023-08-28,2024-11-20
48,Clément,Arnaude,arnaude.clément@free.fr,Huet,2023-05-08,2025-01-18
49,Pinto,Danielle,danielle.pinto@tiscali.fr,MaceBourg,2023-10-16,2025-10-19
50,Briand,Thérèse,thérèse.briand@live.com,Saint ThibaultVille,2024-10-05,2024-11-05
51,Aubry,Julie,julie.aubry@sfr.fr,,2023-10-26,2025-06-09
52,Rodrigues,Daniel,daniel.rodrigues@ifrance.com,Ribeiro,2023-02-15,2025-02-16
53,Delmas,Valérie,valérie.delmas@sfr.fr,Pariss,2023-05-03,2025-03-30
54,Goncalves,William,william.goncalves@hotmail.fr,,2023-12-17,2025-06-16
55,Alexandre,Denise,denise.alexandre@noos.fr,Saint Bernardboeuf,2024-10-25,2025-04-19
56,Roux,François,françois.roux@wanadoo.fr,Pariss,2023-04-23,2025-02-04
57,Neveu,Lorraine,lorraine.neveu@gmail.com,Sainte Josettedan,2024-10-05,2025-06-20
58,Garcia,Colette,colette.garcia@wanadoo.fr,Ramos-sur-Mer,2023-05-21,2025-01-30
59,Guillot,Bernard,bernard.guillot@dbmail.com,Ribeiro-les-Bains,2023-09-30,2025-01-07
60,Parent,Jacqueline,jacqueline.parent@voila.fr,Carpentier,2023-08-12,2025-10-07
61,Perez,Luce,luce.perez@wanadoo.fr,Dos Santos-la-Forêt,2023-01-23,2024-12-02
62,Texier,Aimé,aimé.texier@club-internet.fr,Martineau,2023-02-16,2025-03-18
63,Navarro,Anastasie,anastasie.navarro@free.fr,,2023-04-09,2025-02-13
64,Henry,Élisabeth,élisabeth.henry@live.com,Saint Virginie,2024-02-20,2025-01-02
65,Charrier,Émilie,émilie.charrier@hotmail.fr,Sainte Aurélienec,2024-02-12,2025-07-27
66,Carpentier,Aimé,aimé.carpentier@gmail.com,Pereira,2024-09-22,2025-04-16
67,Lenoir,Alice,alice.lenoir@orange.fr,Bergernec,2024-01-18,2025-07-11
68,Vaillant,Clémence,clémence.vaillant@dbmail.com,,2023-09-09,2025-06-10
69,Baron,Stéphanie,stéphanie.baron@ifrance.com,Sainte Jérôme,2023-01-17,2025-07-08
70,Durand,Thibaut,thibaut.durand@free.fr,,2023-06-03,2025-08-10
71,Durand,Thomas,thomas.durand@dbmail.com,Sainte Thierrydan,2022-10-31,2025-09-06
72,Grondin,Jacques,jacques.grondin@orange.fr,Lagarde,2024-09-27,2025-09-21
73,Étienne,Bernard,bernard.étienne@voila.fr,Baron-sur-Marion,2024-01-08,2024-11-01
74,Roux,Olivie,olivie.roux@yahoo.fr,,2023-06-27,2025-02-05
75,De Sousa,Éléonore,éléonore.de sousa@free.fr,Thierry,2022-12-13,2025-04-11
76,Bouchet,Henri,henri.bouchet@live.com,Da Silva-les-Bains,2023-09-10,2025-08-24
77,Lelièvre,Frédéric,frédéric.lelièvre@orange.fr,Klein,2023-12-10,2025-01-15
78,Lévy,Élisabeth,élisabeth.lévy@yahoo.fr,Valetteboeuf,2024-08-26,2024-11-15
79,Rémy,Robert,robert.rémy@tele2.fr,Delmas,2024-03-25,2024-11-23
80,Antoine,Bernard,bernard.antoine@sfr.fr,Masson-sur-Roy,2022-11-04,2025-08-11
81,François,Pierre,pierre.françois@bouygtel.fr,,2023-01-03,2025-08-25
82,Boulay,Alain,alain.boulay@dbmail.com,Sainte Margot-la-Forêt,2023-05-16,2025-10-11
83,Perrot,Élisabeth,élisabeth.perrot@club-internet.fr,Saint LorraineBourg,2024-01-20,2025-10-02
84,Chartier,Nicolas,nicolas.chartier@live.com,De Sousa,2024-02-29,2025-07-01
85,Morin,Vincent,vincent.morin@orange.fr,Gosselin,2023-09-29,2025-01-09
86,Andre,Léon,léon.andre@hotmail.fr,Pichon,2023-03-06,2025-08-22
87,Hoareau,Marianne,marianne.hoareau@club-internet.fr,Leconte-sur-Potier,2024-04-22,2025-03-18
88,Lebrun,Luce,luce.lebrun@dbmail.com,Charpentier,2024-03-29,2025-01-02
89,Moulin,Élodie,élodie.moulin@club-internet.fr,,2024-01-30,2025-09-23
90,Marchand,Françoise,françoise.marchand@tiscali.fr,Marindan,2024-06-28,2025-09-27
91,Guilbert,Philippe,philippe.guilbert@ifrance.com,Gimenez,2024-08-15,2025-05-17
92,Germain,Émilie,émilie.germain@voila.fr,Roux,2023-12-14,2025-06-07
93,Boutin,André,andré.boutin@gmail.com,Sainte Valentineboeuf,2024-01-11,2025-07-07
94,Lagarde,Madeleine,invalid_email,Bruneau,2023-06-07,2025-08-17
95,Le Goff,Christine,christine.le goff@dbmail.com,Gaydan,2024-01-23,2024-12-10
96,Thierry,Madeleine,madeleine.thierry@free.fr,Ruiz,2023-12-24,2025-06-07
97,Rolland,Emmanuelle,emmanuelle.rolland@dbmail.com,Saint Georgesdan,2022-11-28,2025-05-21
98,Goncalves,Honoré,honoré.goncalves@sfr.fr,Pereira,2024-03-16,2025-05-08
99,Bègue,Alphonse,alphonse.bègue@noos.fr,Picard-sur-Laine,2023-08-09,2025-05-11
100,Wagner,Gabrielle,gabrielle.wagner@ifrance.com,Humbert,2024-07-13,2025-09-30
101,Picard,Thomas,thomas.picard@free.fr,Delormedan,2024-09-19,2024-12-14
102,Lévy,Nathalie,nathalie.lévy@orange.fr,Evrard-les-Bains,2023-12-02,2025-08-21
103,Lombard,Caroline,caroline.lombard@free.fr,Lelièvre,2024-02-19,2025-01-02
104,Garcia,Dominique,dominique.garcia@dbmail.com,De SousaBourg,2024-03-03,2025-05-17
105,Berger,Roland,invalid_email,Pariss,2024-10-07,2025-09-18
106,Fontaine,Alex,alex.fontaine@wanadoo.fr,Auger,2023-06-14,2024-11-01
107,Thierry,Madeleine,madeleine.thierry@live.com,Moreno,2024-08-19,2025-09-27
108,Meunier,Adélaïde,adélaïde.meunier@tele2.fr,Saint Denis,2023-04-07,2025-03-15
109,Dos Santos,Laure,laure.dos santos@tiscali.fr,Sainte Margueritedan,2024-08-12,2025-04-17
110,Guyon,Célina,célina.guyon@orange.fr,BessonVille,2023-11-06,2024-12-05
111,Perez,Benjamin,benjamin.perez@hotmail.fr,Valette,2022-12-26,2025-02-22
112,Sanchez,Adélaïde,adélaïde.sanchez@orange.fr,Carlier-la-Forêt,2023-12-14,2024-11-17
113,Raynaud,Josette,josette.raynaud@live.com,Pariss,2023-01-15,2025-06-10
114,Lacombe,Matthieu,matthieu.lacombe@ifrance.com,,2023-03-03,2025-01-10
115,Barbier,Marthe,marthe.barbier@wanadoo.fr,Meyer,2022-11-03,2025-10-23
116,Bourdon,Henriette,henriette.bourdon@voila.fr,,2024-08-29,2025-08-19
117,Maury,Benjamin,benjamin.maury@laposte.net,,2024-05-03,2025-04-12
118,Fouquet,Frédérique,frédérique.fouquet@tele2.fr,Lemoine,2023-03-07,2025-09-15
119,Fabre,Jeannine,jeannine.fabre@hotmail.fr,,2022-12-27,2025-02-14
120,Boulanger,Sabine,sabine.boulanger@yahoo.fr,Hamel-sur-Cohen,2024-03-04,2025-01-22
121,Charrier,Aimé,aimé.charrier@orange.fr,,2023-11-24,2025-08-08
122,Bouvet,Andrée,andrée.bouvet@orange.fr,,2023-09-04,2025-09-09
123,Lacombe,Victor,victor.lacombe@ifrance.com,Sainte Charlotte-la-Forêt,2023-10-18,2025-08-26
124,Laurent,Victoire,victoire.laurent@yahoo.fr,MercierBourg,2024-09-10,2025-08-13
125,Rodriguez,Alexandre,alexandre.rodriguez@tiscali.fr,PotierVille,2023-06-10,2025-04-13
126,Philippe,Guy,guy.philippe@laposte.net,Saint Aimé-sur-Mer,2024-06-21,2025-06-06
127,Leconte,Jérôme,jérôme.leconte@orange.fr,,2023-04-28,2025-03-30
128,Wagner,Bertrand,bertrand.wagner@orange.fr,,2022-10-30,2025-09-03
129,Moreau,Alex,alex.moreau@dbmail.com,Louis-sur-Fernandes,2023-02-11,2025-07-30
130,Cordier,Georges,georges.cordier@hotmail.fr,Vaillantdan,2022-11-02,2025-07-24
131,Coste,Pénélope,pénélope.coste@sfr.fr,Mahe,2024-04-21,2025-07-26
132,Ferreira,Adrienne,adrienne.ferreira@noos.fr,Saint Paulboeuf,2024-07-14,2025-01-03
133,Lagarde,Alice,alice.lagarde@dbmail.com,Hubert-la-Forêt,2024-02-05,2025-08-08
134,Gilbert,Benoît,benoît.gilbert@tele2.fr,Hebert,2022-12-30,2025-02-12
135,Rodrigues,Manon,manon.rodrigues@hotmail.fr,Pariss,2023-06-27,2024-12-30
136,Guillet,Gérard,invalid_email,Lopes-sur-Léger,2023-07-17,2025-03-17
137,Grenier,Christine,christine.grenier@voila.fr,Colinnec,2023-11-28,2024-12-14
138,Gomes,David,david.gomes@laposte.net,GuilletBourg,2023-06-29,2025-05-29
139,Blin,Maggie,maggie.blin@voila.fr,Gallet,2024-03-13,2025-04-29
140,Chauvin,Laetitia,laetitia.chauvin@club-internet.fr,,2023-01-02,2025-08-31
141,Bourgeois,Hugues,hugues.bourgeois@wanadoo.fr,,2023-02-27,2024-11-25
142,Chartier,Matthieu,matthieu.chartier@bouygtel.fr,Diallodan,2022-12-13,2025-03-04
143,Gomez,Stéphane,stéphane.gomez@sfr.fr,Brunet,2023-07-10,2025-09-04
144,Thomas,Catherine,catherine.thomas@club-internet.fr,Guilbert,2023-03-07,2025-07-17
145,Maréchal,Aimée,aimée.maréchal@orange.fr,Sainte Pauline,2022-12-31,2025-01-30
146,Vincent,Bernard,bernard.vincent@gmail.com,Sainte Lucieboeuf,2024-01-22,2024-12-02
147,Dos Santos,Adèle,adèle.dos santos@bouygtel.fr,Imbert,2023-05-15,2025-07-10
148,Peltier,Colette,colette.peltier@ifrance.com,Saint Alain,2024-05-20,2025-09-29
149,Lemaire,Georges,georges.lemaire@tele2.fr,Faivre,2022-11-05,2025-10-03
150,Maréchal,Margaret,margaret.maréchal@sfr.fr,Renard-sur-Turpin,2023-03-25,2025-08-24
151,Mahe,Bernadette,bernadette.mahe@tiscali.fr,Pariss,2022-11-17,2025-05-25
152,Michaud,Alix,alix.michaud@orange.fr,Marty-les-Bains,2023-12-23,2025-05-05
153,Mahe,Marguerite,marguerite.mahe@tiscali.fr,Saint Lucie,2023-08-07,2025-02-28
154,Guillaume,Geneviève,geneviève.guillaume@yahoo.fr,Martins,2023-04-15,2025-10-28
155,Allain,Josette,josette.allain@yahoo.fr,,2022-11-14,2024-11-13
156,Klein,Corinne,corinne.klein@ifrance.com,Turpin,2023-04-30,2025-05-01
157,Martel,Benjamin,benjamin.martel@bouygtel.fr,Hervé,2023-04-25,2025-03-04
158,Weiss,Alex,alex.weiss@tiscali.fr,Delaunay-sur-Paul,2023-02-05,2025-09-18
159,Legros,Thibault,thibault.legros@laposte.net,Saint Robert,2023-06-19,2025-05-06
160,Grondin,Suzanne,suzanne.grondin@club-internet.fr,Mercier,2023-07-13,2025-09-04
161,Mahe,Juliette,juliette.mahe@dbmail.com,Garcia,2024-01-01,2025-07-13
162,Chartier,Claire,claire.chartier@laposte.net,Jourdan-les-Bains,2024-06-02,2024-11-05
163,Vallet,Gérard,gérard.vallet@noos.fr,Maillard-sur-Collin,2024-02-25,2024-12-16
164,Gosselin,Gérard,gérard.gosselin@club-internet.fr,Adam-sur-Leconte,2022-11-15,2025-02-02
165,Loiseau,Lorraine,lorraine.loiseau@tiscali.fr,Perez,2023-11-04,2025-01-12
166,Prévost,Nath,nath.prévost@laposte.net,,2022-10-30,2025-08-16
167,Rousseau,Audrey,audrey.rousseau@club-internet.fr,Besnard,2023-02-07,2025-09-19
168,Lucas,Philippe,philippe.lucas@tele2.fr,Saint Guillaume-sur-Mer,2023-03-21,2025-04-09
169,Nicolas,Jacques,jacques.nicolas@free.fr,Girard,2023-08-02,2025-09-08
170,Baron,Timothée,timothée.baron@free.fr,,2024-10-13,2025-05-06
171,Joubert,Benjamin,benjamin.joubert@ifrance.com,Hamondan,2023-09-15,2025-07-23
172,Ruiz,Adrienne,adrienne.ruiz@ifrance.com,Sainte Bertrand,2023-07-29,2025-01-04
173,Charles,Sabine,sabine.charles@orange.fr,Chrétien-sur-Legros,2023-06-20,2025-06-29
174,Delorme,Paul,paul.delorme@voila.fr,Gonzalez-sur-Perrin,2024-09-24,2024-11-27
175,Martel,Agnès,agnès.martel@orange.fr,Sanchez,2024-10-02,2024-11-06
176,Delaunay,Inès,inès.delaunay@noos.fr,Gillet,2023-03-25,2024-10-31
177,Boutin,Christine,christine.boutin@dbmail.com,Lévêque-sur-Mer,2024-03-17,2025-10-19
178,Humbert,Mathilde,mathilde.humbert@yahoo.fr,Sanchezboeuf,2023-05-01,2025-07-25
179,Royer,Suzanne,suzanne.royer@dbmail.com,Pariss,2023-04-13,2025-06-28
180,Baron,Patrick,patrick.baron@tele2.fr,Maury,2024-04-14,2025-04-02
181,Coste,Olivie,olivie.coste@gmail.com,Ollivier,2023-04-20,2024-12-18
182,Buisson,Alain,alain.buisson@laposte.net,Gaillard-la-Forêt,2024-07-29,2025-09-12
183,Lacroix,Thérèse,thérèse.lacroix@club-internet.fr,Pariss,2023-05-25,2025-03-07
184,Coulon,Chantal,invalid_email,,2023-08-24,2025-02-23
185,Faure,Michèle,michèle.faure@orange.fr,Bonninboeuf,2022-11-09,2025-09-11
186,Charrier,Paulette,paulette.charrier@gmail.com,Saint ConstanceVille,2024-01-16,2025-03-30
187,Toussaint,Alfred,alfred.toussaint@sfr.fr,,2024-08-19,2025-02-22
188,Laroche,Hugues,hugues.laroche@voila.fr,Rémy-la-Forêt,2023-03-21,2025-03-22
189,Marques,Eugène,eugène.marques@hotmail.fr,Saint Michelle,2022-11-07,2025-08-16
190,Lombard,Emmanuelle,emmanuelle.lombard@gmail.com,Prévost,2024-01-02,2025-04-28
191,Bernard,Maggie,maggie.bernard@tele2.fr,Saint Roger,2023-02-16,2025-05-08
192,Aubert,Jacques,jacques.aubert@dbmail.com,,2024-09-12,2025-06-28
193,Goncalves,Laure,laure.goncalves@club-internet.fr,Pariss,2023-09-21,2025-09-19
194,Cordier,Alice,alice.cordier@sfr.fr,Sainte Caroline-la-Forêt,2024-01-19,2025-05-01
195,Bailly,Audrey,audrey.bailly@gmail.com,FrançoisBourg,2024-09-23,2024-12-22
196,Blondel,Richard,richard.blondel@dbmail.com,Rivière,2023-09-06,2025-10-17
197,Petit,Aimée,aimée.petit@bouygtel.fr,FischerBourg,2023-04-12,2025-08-27
198,Moulin,Grégoire,grégoire.moulin@sfr.fr,,2023-08-18,2025-07-25
199,Mendès,Jules,jules.mendès@gmail.com,,2024-06-05,2025-01-01
200,Noël,Célina,célina.noël@hotmail.fr,Sainte Élisabeth-la-Forêt,2023-08-13,2025-09-02
201,Collet,Lorraine,lorraine.collet@yahoo.fr,Guillou,2023-01-17,2025-09-26
202,Legros,Augustin,augustin.legros@tele2.fr,Thomas,2023-02-27,2024-12-28
203,Leleu,Amélie,amélie.leleu@club-internet.fr,Millet,2023-01-27,2025-10-03
204,Charrier,Jules,jules.charrier@orange.fr,,2023-02-18,2025-10-24
205,Roy,Cécile,cécile.roy@hotmail.fr,Schneider,2023-01-25,2025-01-18
206,Perret,Gérard,gérard.perret@laposte.net,Sainte Isabelle,2023-09-10,2025-07-10
207,Sauvage,Laurent,laurent.sauvage@voila.fr,Toussaint,2024-07-03,2025-07-28
208,Muller,Emmanuelle,emmanuelle.muller@orange.fr,Loiseau,2024-02-14,2025-10-14
209,Deschamps,Margaret,margaret.deschamps@free.fr,Simon,2024-07-17,2025-02-27
210,Albert,Roland,roland.albert@laposte.net,Rossi,2024-06-24,2025-03-29
211,Bertin,Rémy,rémy.bertin@yahoo.fr,Coste-les-Bains,2024-05-07,2025-08-25
212,Moreau,Henriette,henriette.moreau@noos.fr,Saint Claire,2023-12-17,2024-11-19
213,Labbé,Patricia,patricia.labbé@dbmail.com,Ribeirodan,2024-03-19,2025-02-13
214,Lopez,Honoré,honoré.lopez@wanadoo.fr,Grondin-la-Forêt,2023-05-18,2025-04-21
215,Godard,Alice,alice.godard@tiscali.fr,Lévêque,2023-01-21,2025-10-20
216,Andre,Patrick,patrick.andre@tele2.fr,Maurice,2023-04-04,2024-12-20
217,Roux,Élodie,élodie.roux@noos.fr,Aubry-sur-Rivière,2023-03-03,2025-04-28
218,Descamps,Pauline,pauline.descamps@yahoo.fr,Roche-sur-Dos Santos,2023-06-26,2025-08-07
219,Martins,Stéphane,stéphane.martins@yahoo.fr,DuvalVille,2023-08-30,2025-09-27
220,Jacques,Roland,roland.jacques@free.fr,,2024-08-10,2025-07-05
221,Lemoine,Laurent,laurent.lemoine@tiscali.fr,Saint Daniel,2023-08-11,2025-05-03
222,Richard,Anaïs,anaïs.richard@yahoo.fr,Adam,2024-04-07,2025-05-19
223,Blondel,Martine,martine.blondel@ifrance.com,Jean-sur-Guillaume,2022-12-08,2025-09-20
224,Bègue,Lucie,lucie.bègue@tiscali.fr,Le Roux,2023-05-16,2025-07-16
225,Ferreira,Thibaut,thibaut.ferreira@gmail.com,Lévy,2023-09-07,2025-06-03
226,Lambert,Tristan,tristan.lambert@noos.fr,Hoareau,2023-05-08,2025-08-01
227,Guillet,Robert,robert.guillet@live.com,,2024-05-05,2025-01-28
228,Lecoq,Mathilde,invalid_email,Normand-la-Forêt,2024-09-25,2025-08-22
229,Boulay,Frédérique,frédérique.boulay@sfr.fr,,2024-03-05,2025-08-09
230,Schneider,Brigitte,brigitte.schneider@bouygtel.fr,Sainte Cécile,2023-01-24,2025-08-26
231,Gomez,Louise,louise.gomez@gmail.com,Sauvage,2024-07-07,2025-02-17
232,Dupuy,Dorothée,dorothée.dupuy@dbmail.com,MoulinVille,2024-07-11,2025-03-08
233,Besson,Suzanne,suzanne.besson@noos.fr,Saint Richard,2024-06-24,2025-04-23
234,Carpentier,Zacharie,zacharie.carpentier@live.com,Diaz,2024-08-26,2025-10-29
235,Lamy,Simone,simone.lamy@wanadoo.fr,Saint Andréenec,2024-01-04,2024-11-28
236,Rossi,Luc,luc.rossi@bouygtel.fr,Humbert,2023-10-27,2025-02-03
237,Masse,Manon,manon.masse@laposte.net,Lamy,2024-08-07,2025-07-29
238,Leleu,François,françois.leleu@hotmail.fr,Guyon,2024-09-01,2025-08-12
239,Grégoire,Roger,roger.grégoire@club-internet.fr,Sainte Élodie,2024-06-24,2025-09-28
240,Michaud,Emmanuel,emmanuel.michaud@club-internet.fr,Saint Joseph,2023-05-24,2025-01-08
241,Meunier,Françoise,françoise.meunier@tele2.fr,Pariss,2024-10-12,2024-12-23
242,Tanguy,Nath,nath.tanguy@sfr.fr,,2024-01-11,2025-03-20
243,Olivier,Gabriel,gabriel.olivier@tele2.fr,Pariss,2024-02-18,2025-07-23
244,Chevalier,Alice,alice.chevalier@free.fr,Robin,2024-08-27,2025-07-12
245,Labbé,Sébastien,sébastien.labbé@ifrance.com,Saint Richardnec,2024-06-26,2025-05-02
246,Louis,Antoine,antoine.louis@voila.fr,Pariss,2023-07-08,2025-09-07
247,Henry,Édouard,édouard.henry@bouygtel.fr,Saint Hugues-la-Forêt,2024-04-01,2025-02-26
248,Carlier,Andrée,andrée.carlier@voila.fr,,2023-06-11,2025-10-28
249,Hoareau,Marthe,marthe.hoareau@wanadoo.fr,,2023-02-28,2024-12-18
250,Guichard,Juliette,juliette.guichard@noos.fr,,2023-04-14,2025-06-08
251,Gosselin,Sébastien,sébastien.gosselin@club-internet.fr,Fernandes,2023-12-30,2025-09-20
252,Guyot,Victoire,victoire.guyot@noos.fr,Tessier,2023-12-11,2025-05-16
253,Arnaud,Charlotte,charlotte.arnaud@hotmail.fr,,2024-07-11,2025-02-07
254,Becker,Gabrielle,gabrielle.becker@club-internet.fr,Valette,2023-12-16,2025-07-18
255,Fournier,Corinne,corinne.fournier@club-internet.fr,Vaillant,2023-10-26,2024-11-03
256,Gimenez,Philippe,philippe.gimenez@hotmail.fr,Pottier-les-Bains,2024-09-16,2025-07-05
257,Hernandez,Claire,claire.hernandez@tele2.fr,Pariss,2023-11-03,2025-06-30
258,Gomes,Margot,margot.gomes@orange.fr,Cordier,2024-05-07,2025-02-18
259,Pichon,Anaïs,anaïs.pichon@club-internet.fr,Meunier,2024-09-30,2025-06-18
260,Le Gall,Nicole,nicole.le gall@dbmail.com,Dos Santos,2024-05-17,2025-03-20
261,Boyer,Michel,michel.boyer@laposte.net,Sainte Isaac-les-Bains,2024-10-06,2025-09-18
262,Klein,Marcelle,marcelle.klein@gmail.com,,2023-04-16,2025-09-25
263,Lemonnier,Vincent,vincent.lemonnier@sfr.fr,Le Goff,2023-01-27,2025-04-28
264,Perrin,Sébastien,sébastien.perrin@dbmail.com,Pasquier-sur-Guyon,2023-11-02,2024-12-30
265,Maillot,Sabine,sabine.maillot@voila.fr,,2023-01-10,2025-06-29
266,De Sousa,Pauline,pauline.de sousa@club-internet.fr,Sainte Anaïs,2022-12-28,2025-06-22
267,Fernandez,Margot,margot.fernandez@laposte.net,Boyer,2022-11-23,2025-08-29
268,Louis,Gabrielle,gabrielle.louis@gmail.com,Baudry,2022-10-30,2025-01-25
269,Gérard,Richard,richard.gérard@yahoo.fr,Meunierdan,2024-01-24,2025-03-01
270,Bouvet,Claude,claude.bouvet@club-internet.fr,Jean-sur-Hernandez,2024-05-08,2025-03-23
271,Legrand,Élise,élise.legrand@voila.fr,,2023-08-13,2025-09-02
272,Rocher,Laure,invalid_email,,2024-10-19,2025-08-13
273,Meunier,Sabine,sabine.meunier@live.com,,2023-07-14,2024-12-19
274,Fouquet,Patricia,patricia.fouquet@hotmail.fr,Pariss,2024-10-06,2025-05-22
275,Perrot,Élisabeth,élisabeth.perrot@gmail.com,Moreno,2024-09-23,2025-09-19
276,Loiseau,Madeleine,madeleine.loiseau@laposte.net,Saint Gabriel,2023-12-11,2025-01-19
277,Hervé,Jeanne,jeanne.hervé@yahoo.fr,Lévêque,2024-04-14,2025-07-14
278,Leconte,Joseph,joseph.leconte@dbmail.com,Caron,2023-01-18,2025-03-22
279,Pasquier,Susanne,susanne.pasquier@noos.fr,Paul,2024-03-17,2025-03-16
280,Garnier,Zoé,zoé.garnier@noos.fr,Bailly,2022-12-18,2025-03-28
281,Pichon,Catherine,catherine.pichon@bouygtel.fr,,2024-08-09,2025-08-29
282,Charpentier,Jeannine,jeannine.charpentier@club-internet.fr,Joseph,2024-05-14,2025-10-27
283,Morel,Adrienne,adrienne.morel@gmail.com,,2024-01-11,2025-06-09
284,Faure,Dorothée,dorothée.faure@wanadoo.fr,Baudry-sur-Mer,2023-08-23,2025-05-28
285,Robin,Aurore,aurore.robin@laposte.net,JulienBourg,2024-07-05,2025-10-27
286,Berthelot,Olivier,olivier.berthelot@laposte.net,Le Goff,2024-10-25,2024-11-16
287,Moreno,Eugène,eugène.moreno@live.com,Saint Christiane,2022-12-12,2024-12-01
288,Dubois,Juliette,juliette.dubois@ifrance.com,Sainte Andrée-la-Forêt,2024-01-01,2025-01-02
289,Gimenez,Alice,alice.gimenez@voila.fr,Perret-sur-Mer,2023-10-02,2025-10-22
290,Pierre,Paulette,paulette.pierre@yahoo.fr,Boulay,2023-07-31,2025-09-10
291,Barbe,Thibaut,thibaut.barbe@voila.fr,LeclercBourg,2023-10-01,2025-05-10
292,Martin,Astrid,astrid.martin@hotmail.fr,Lambert,2023-01-26,2025-10-23
293,Benard,Margaux,margaux.benard@noos.fr,,2023-04-30,2025-04-28
294,Nguyen,Henriette,henriette.nguyen@dbmail.com,Sainte Grégoire,2024-10-07,2025-04-27
295,Jean,Gérard,gérard.jean@hotmail.fr,Rolland-sur-Lacombe,2023-05-19,2025-01-10
296,Payet,Marie,marie.payet@sfr.fr,ChauveauVille,2024-08-18,2025-10-07
297,Ollivier,Édith,édith.ollivier@free.fr,Marchand,2024-03-19,2025-08-17
298,Barre,Gilbert,gilbert.barre@gmail.com,Muller,2023-01-07,2025-03-07
299,Boucher,Christine,christine.boucher@free.fr,Evrardnec,2023-10-20,2024-11-25
300,Marques,Louis,louis.marques@club-internet.fr,Grosdan,2024-02-09,2025-02-28
301,Bouchet,Lucas,lucas.bouchet@noos.fr,Besnarddan,2023-10-15,2025-05-31
302,Peron,Colette,colette.peron@noos.fr,Sainte Adèle,2023-09-03,2025-02-21
303,Philippe,Marie,marie.philippe@tiscali.fr,Devaux,2023-02-26,2025-08-10
304,Munoz,Dominique,dominique.munoz@wanadoo.fr,Louis,2023-03-12,2025-09-08
305,Pelletier,Brigitte,brigitte.pelletier@dbmail.com,Saint XavierVille,2024-03-31,2025-07-16
306,Martinez,Adèle,adèle.martinez@laposte.net,,2024-06-04,2024-11-11
307,Laine,Adèle,adèle.laine@gmail.com,GrégoireBourg,2023-08-12,2025-08-23
308,Loiseau,Georges,georges.loiseau@free.fr,Sainte Henri,2023-02-15,2024-11-21
309,Barre,Aimée,aimée.barre@voila.fr,Henry,2023-02-22,2025-08-13
310,Chauveau,Denise,denise.chauveau@wanadoo.fr,Martinez,2024-10-14,2025-01-02
311,Jacquet,Martine,martine.jacquet@voila.fr,Meyerdan,2022-12-25,2025-05-25
312,David,Madeleine,madeleine.david@dbmail.com,Hebert,2024-08-11,2025-06-08
313,Prévost,Aurore,aurore.prévost@noos.fr,Saint Andrée,2024-05-31,2025-08-07
314,Launay,Marcel,marcel.launay@noos.fr,,2022-11-03,2025-10-19
315,De Oliveira,Marianne,marianne.de oliveira@tele2.fr,,2024-02-23,2025-07-17
316,Pelletier,Marcel,marcel.pelletier@bouygtel.fr,Leleu-sur-Weber,2023-10-03,2025-08-01
317,Duhamel,Christiane,christiane.duhamel@gmail.com,Marchal-sur-Duhamel,2023-01-25,2025-03-02
318,Gérard,Henri,henri.gérard@wanadoo.fr,Da Silva-les-Bains,2024-03-10,2024-11-03
319,Pierre,Luce,luce.pierre@bouygtel.fr,Bernard,2023-05-06,2025-02-15
320,Pierre,Nath,nath.pierre@free.fr,Grégoireboeuf,2024-07-15,2025-07-15
321,Guillaume,Frédérique,frédérique.guillaume@dbmail.com,,2024-02-16,2025-09-13
322,Blanc,Catherine,catherine.blanc@hotmail.fr,BlondelVille,2023-10-15,2025-10-22
323,Weber,Véronique,véronique.weber@noos.fr,Saint Georges-sur-Mer,2024-03-11,2025-08-05
324,Rossi,Bernard,bernard.rossi@noos.fr,Lagarde,2023-12-14,2025-08-08
325,Dupré,Henriette,henriette.dupré@live.com,,2023-10-27,2025-08-08
326,Rémy,Céline,céline.rémy@orange.fr,RoussetBourg,2024-02-19,2024-12-08
327,Marin,Nath,nath.marin@yahoo.fr,Leleu-sur-Lopez,2023-11-11,2025-05-26
328,Briand,Christophe,christophe.briand@noos.fr,Guillou,2022-12-10,2025-08-31
329,Da Costa,Audrey,audrey.da costa@ifrance.com,Descamps,2023-01-12,2025-05-16
330,Evrard,Pénélope,pénélope.evrard@hotmail.fr,Carre,2023-05-02,2025-06-10
331,Grégoire,Maryse,maryse.grégoire@free.fr,Michel-sur-Mer,2023-01-12,2024-12-08
332,Navarro,Jean,jean.navarro@sfr.fr,Boulay,2022-11-22,2025-06-13
333,Torres,Lucy,lucy.torres@bouygtel.fr,Deschampsboeuf,2024-05-22,2025-04-11
334,Leclerc,Corinne,corinne.leclerc@tele2.fr,Rolland-sur-Mer,2023-10-30,2025-04-29
335,Blin,Thierry,thierry.blin@dbmail.com,Delattre,2023-04-17,2025-10-21
336,Maillard,Zacharie,zacharie.maillard@free.fr,Fournier-sur-Barbe,2024-09-03,2025-08-09
337,Michaud,Caroline,caroline.michaud@orange.fr,,2022-11-29,2024-10-29
338,Marchal,Gilles,gilles.marchal@dbmail.com,Rolland-la-Forêt,2024-04-13,2025-10-29
339,Pottier,Marcelle,marcelle.pottier@dbmail.com,Schneidernec,2023-07-11,2025-08-30
340,Chartier,Adélaïde,adélaïde.chartier@sfr.fr,Le Gall,2024-06-03,2024-11-03
341,Étienne,Charlotte,charlotte.étienne@yahoo.fr,Tanguy,2023-07-26,2024-11-16
342,Gay,Franck,franck.gay@free.fr,Chauveau,2024-06-07,2025-09-23
343,Arnaud,Lucas,lucas.arnaud@hotmail.fr,Saint Paulettedan,2023-10-03,2025-04-08
344,Lacombe,Nicole,nicole.lacombe@free.fr,Martyboeuf,2023-04-04,2025-02-10
345,Raymond,Paulette,paulette.raymond@yahoo.fr,Le Gall-sur-Lemaire,2024-09-28,2024-11-16
346,Pichon,René,rené.pichon@sfr.fr,Hubertnec,2024-01-25,2025-06-30
347,Faivre,Émilie,émilie.faivre@dbmail.com,,2024-10-01,2024-11-29
348,Boucher,Guy,guy.boucher@free.fr,Le Roux,2023-08-22,2025-07-16
349,Delaunay,Isaac,isaac.delaunay@voila.fr,Sainte Martin,2023-10-31,2024-12-31
350,Dupont,Célina,célina.dupont@ifrance.com,Garnier,2023-09-16,2025-01-22
351,Gros,Thibaut,thibaut.gros@tele2.fr,Bègue,2024-01-16,2025-02-26
352,Pages,Benoît,benoît.pages@sfr.fr,,2024-07-13,2025-08-17
353,Poulain,Inès,inès.poulain@tiscali.fr,Maillet-la-Forêt,2023-07-13,2025-02-23
354,Guichard,Hugues,hugues.guichard@sfr.fr,Duval,2023-01-02,2025-05-24
355,Becker,Alice,alice.becker@free.fr,Saint Capucine,2024-02-12,2024-11-29
356,Courtois,Constance,constance.courtois@club-internet.fr,Albertnec,2024-01-23,2025-04-04
357,Ribeiro,Christiane,christiane.ribeiro@live.com,Dijoux-la-Forêt,2024-10-25,2025-07-08
358,Aubert,William,william.aubert@bouygtel.fr,Sainte Thibaultdan,2023-04-21,2025-07-09
359,Charpentier,Stéphane,stéphane.charpentier@ifrance.com,Pariss,2024-05-16,2024-12-22
360,Dubois,Gilles,gilles.dubois@club-internet.fr,Paris-la-Forêt,2023-06-19,2024-12-05
361,Regnier,Charles,charles.regnier@orange.fr,Bonnin-sur-Didier,2023-03-21,2025-09-22
362,Renaud,Lucy,lucy.renaud@free.fr,Charles-sur-Chrétien,2023-02-16,2024-11-30
363,Lefèvre,Nathalie,nathalie.lefèvre@orange.fr,Blin-la-Forêt,2022-12-06,2024-12-30
364,Le Roux,Lucy,lucy.le roux@ifrance.com,Sainte Audrey,2024-06-27,2025-01-01
365,Vallée,Julie,julie.vallée@orange.fr,Pariss,2023-03-29,2025-01-09
366,Pages,Maggie,maggie.pages@dbmail.com,Dias-sur-Bouvet,2022-10-30,2025-05-14
367,Cordier,Margot,margot.cordier@free.fr,,2023-07-24,2024-11-01
368,Pons,Valentine,valentine.pons@laposte.net,,2023-03-26,2025-10-27
369,Alexandre,Arthur,arthur.alexandre@voila.fr,Salmon,2024-01-01,2025-03-14
370,Joly,Juliette,juliette.joly@wanadoo.fr,Blancharddan,2024-06-24,2025-08-25
371,Bonnet,Édouard,édouard.bonnet@bouygtel.fr,Sainte Amélie,2023-07-29,2025-01-17
372,Besson,Martine,martine.besson@noos.fr,Noëldan,2023-04-03,2025-04-15
373,Lebon,Sabine,sabine.lebon@wanadoo.fr,Dumas,2023-10-03,2025-04-08
374,Mercier,Hélène,invalid_email,Pauldan,2023-06-23,2025-10-12
375,Valentin,Jeanne,jeanne.valentin@hotmail.fr,Valette,2024-04-02,2025-04-25
376,Lambert,Augustin,invalid_email,Becker,2023-05-31,2025-07-01
377,Peltier,Claudine,claudine.peltier@dbmail.com,,2024-02-03,2025-01-11
378,Nguyen,Augustin,augustin.nguyen@voila.fr,Bouchet-la-Forêt,2024-09-08,2024-11-27
379,Brunet,Manon,manon.brunet@ifrance.com,,2024-03-25,2024-11-02
380,Michaud,René,rené.michaud@club-internet.fr,LabbéVille,2023-06-24,2025-08-17
381,Dupuis,Olivier,olivier.dupuis@bouygtel.fr,ChevallierBourg,2022-11-21,2025-05-01
382,Ferrand,Marc,marc.ferrand@voila.fr,Laurent-sur-Mer,2024-04-19,2025-01-17
383,Gauthier,Joseph,joseph.gauthier@sfr.fr,Hoarau-sur-Mer,2023-02-23,2025-10-14
384,Boyer,Augustin,augustin.boyer@ifrance.com,,2023-12-24,2025-03-14
385,Normand,Sabine,sabine.normand@yahoo.fr,Valette,2023-03-30,2025-05-19
386,Muller,Dominique,dominique.muller@voila.fr,,2024-08-04,2024-12-22
387,Simon,Louise,louise.simon@gmail.com,Faivre,2023-09-25,2025-03-10
388,Lecomte,André,andré.lecomte@yahoo.fr,Saint ChristelleBourg,2023-08-02,2025-07-30
389,Joseph,Véronique,véronique.joseph@yahoo.fr,Leroux,2023-05-12,2025-06-05
390,Parent,Luce,luce.parent@yahoo.fr,,2023-10-28,2025-10-18
391,Dias,Benjamin,benjamin.dias@laposte.net,,2024-05-02,2025-07-18
392,Legendre,Jeannine,jeannine.legendre@dbmail.com,Henry,2024-02-25,2025-06-07
393,Turpin,Paulette,paulette.turpin@orange.fr,Vallet,2024-10-09,2025-04-10
394,Vallet,Philippe,philippe.vallet@yahoo.fr,Girard,2024-08-23,2025-06-07
395,Gosselin,Élodie,élodie.gosselin@dbmail.com,Vallée,2024-08-25,2024-11-13
396,Blot,Véronique,véronique.blot@sfr.fr,Pariss,2024-05-08,2024-11-21
397,Pons,Joseph,joseph.pons@tele2.fr,,2024-05-28,2025-02-27
398,Mallet,Denise,denise.mallet@wanadoo.fr,Saint Gilles,2023-01-05,2025-01-29
399,Hardy,Daniel,daniel.hardy@tiscali.fr,Clémentnec,2022-11-12,2025-08-07
400,Thierry,Jeannine,jeannine.thierry@dbmail.com,Pereira,2024-03-05,2025-10-14
401,Paris,Marthe,marthe.paris@sfr.fr,Albert,2024-04-30,2025-01-29
402,Moreau,Denise,denise.moreau@ifrance.com,Pariss,2023-01-12,2025-04-28
403,Lelièvre,Hortense,hortense.lelièvre@live.com,Guibert,2023-10-17,2025-10-01
404,Baron,Lucy,lucy.baron@live.com,,2023-06-22,2025-10-03
405,Bazin,Catherine,catherine.bazin@hotmail.fr,Guyot,2024-09-20,2025-10-10
406,Lelièvre,Charlotte,charlotte.lelièvre@tele2.fr,,2023-07-22,2024-12-06
407,Aubry,Éric,éric.aubry@yahoo.fr,Marin,2022-11-17,2025-02-14
408,Da Costa,Margaud,margaud.da costa@free.fr,Lambert,2024-01-30,2024-11-11
409,Hamon,Christophe,christophe.hamon@voila.fr,Pariss,2024-02-01,2025-02-18
410,Leroux,Gabriel,gabriel.leroux@ifrance.com,BuissonVille,2022-12-22,2025-01-07
411,Mary,Victor,victor.mary@live.com,Meyerboeuf,2023-04-02,2025-06-04
412,Godard,Jeanne,jeanne.godard@laposte.net,,2023-07-05,2025-01-06
413,Blanchard,Nath,nath.blanchard@noos.fr,,2024-09-15,2025-05-04
414,Evrard,Agnès,agnès.evrard@orange.fr,Schneider,2023-10-16,2025-04-03
415,Fleury,Michèle,michèle.fleury@laposte.net,Rousset-sur-Lemaître,2023-06-15,2025-04-09
416,Guillaume,Stéphanie,stéphanie.guillaume@yahoo.fr,Schmitt,2024-08-30,2025-05-28
417,Carlier,Diane,diane.carlier@voila.fr,RenaultBourg,2023-08-11,2025-10-14
418,Bruneau,Zoé,zoé.bruneau@free.fr,,2023-10-22,2025-01-02
419,Bouchet,Jeannine,jeannine.bouchet@bouygtel.fr,LegrosBourg,2023-06-30,2025-08-19
420,Lemaire,Lucy,lucy.lemaire@orange.fr,GomezBourg,2024-04-11,2025-01-01
421,Camus,Marie,marie.camus@sfr.fr,Saint Patricia,2023-09-12,2025-04-03
422,Normand,Frédérique,frédérique.normand@voila.fr,Paris,2024-07-15,2024-12-02
423,Humbert,Timothée,timothée.humbert@live.com,Sainte Corinnenec,2023-08-10,2025-02-24
424,Laroche,Victor,victor.laroche@ifrance.com,Duhamel,2023-03-28,2025-07-06
425,Dias,Matthieu,matthieu.dias@tele2.fr,LetellierVille,2023-11-22,2025-07-11
426,Lucas,Élise,élise.lucas@gmail.com,Sainte Laurencedan,2023-04-28,2025-10-15
427,Monnier,Anouk,anouk.monnier@tiscali.fr,Roger-sur-Mer,2024-07-12,2025-09-14
428,Laurent,Margaux,margaux.laurent@dbmail.com,,2023-09-11,2025-10-19
429,Guichard,Charlotte,charlotte.guichard@orange.fr,Morenodan,2024-04-19,2025-10-04
430,Bernard,Alain,alain.bernard@orange.fr,Guillet,2024-03-17,2025-06-07
431,Salmon,Maggie,maggie.salmon@dbmail.com,Michaud,2024-04-09,2025-05-07
432,Da Costa,Claire,claire.da costa@sfr.fr,Chauvetdan,2023-07-21,2025-01-15
433,Vasseur,Alfred,alfred.vasseur@wanadoo.fr,Saint Anastasie-la-Forêt,2023-06-03,2025-08-29
434,Jacques,Michelle,michelle.jacques@sfr.fr,Goncalves-sur-Roy,2023-05-07,2025-10-03
435,Rousset,Marcel,marcel.rousset@wanadoo.fr,Chauvindan,2023-12-07,2025-02-14
436,Lemonnier,Emmanuel,emmanuel.lemonnier@sfr.fr,Launay-sur-Faivre,2022-12-02,2025-02-20
437,Michel,Alphonse,alphonse.michel@free.fr,Germain,2023-10-06,2025-07-17
438,Lelièvre,Thomas,thomas.lelièvre@voila.fr,,2024-07-15,2025-03-14
439,Dos Santos,Zoé,zoé.dos santos@dbmail.com,Fabre,2023-08-02,2025-04-15
440,Roy,Michèle,michèle.roy@tiscali.fr,Bonneau,2024-03-29,2024-12-29
441,Deschamps,Éléonore,éléonore.deschamps@dbmail.com,Lebreton,2023-03-02,2024-11-18
442,Teixeira,Thérèse,thérèse.teixeira@dbmail.com,,2023-10-13,2025-03-13
443,Potier,Céline,céline.potier@wanadoo.fr,Saint Marthe,2024-06-17,2024-12-28
444,Lambert,Olivier,olivier.lambert@ifrance.com,Barthelemy,2023-05-26,2025-03-07
445,Marty,Michelle,michelle.marty@dbmail.com,,2024-04-24,2025-02-16
446,Charles,Jacqueline,jacqueline.charles@gmail.com,Pariss,2024-03-23,2025-02-23
447,Roux,Benjamin,benjamin.roux@free.fr,,2023-01-21,2025-01-24
448,Texier,Laurence,laurence.texier@gmail.com,Dupré,2023-08-04,2025-04-11
449,Payet,Marcelle,marcelle.payet@orange.fr,Dupuy-la-Forêt,2023-05-29,2025-01-12
450,Legrand,Hélène,hélène.legrand@yahoo.fr,Devaux,2023-11-22,2025-07-16
451,Bruneau,Pierre,pierre.bruneau@sfr.fr,Gilbertnec,2023-06-28,2024-11-29
452,Lévy,Christiane,christiane.lévy@sfr.fr,Sainte Charlotte,2024-08-28,2025-03-25
453,Mace,Michelle,michelle.mace@free.fr,Meyer-sur-Pinto,2023-09-30,2024-10-29
454,Richard,Tristan,tristan.richard@voila.fr,Pariss,2023-01-28,2024-11-30
455,Michaud,Théophile,théophile.michaud@club-internet.fr,Saint Henri,2023-09-17,2024-11-21
456,Antoine,Cécile,cécile.antoine@sfr.fr,Lefèvre-sur-Guibert,2024-03-21,2025-01-25
457,Olivier,Manon,manon.olivier@voila.fr,Lebreton,2024-06-06,2025-06-06
458,Leclercq,Benoît,benoît.leclercq@laposte.net,Foucher-la-Forêt,2024-09-25,2025-08-18
459,Dijoux,Guillaume,guillaume.dijoux@orange.fr,Bèguedan,2024-01-20,2024-11-12
460,Coste,Arthur,arthur.coste@laposte.net,Gautiernec,2024-08-31,2025-05-03
461,Dufour,Maryse,maryse.dufour@free.fr,Guillon-sur-Tessier,2022-11-12,2025-04-08
462,Caron,Nicolas,nicolas.caron@orange.fr,Cohen,2024-06-30,2025-08-01
463,Charpentier,Valérie,valérie.charpentier@noos.fr,LesageVille,2023-10-29,2024-12-30
464,Chauveau,Claudine,claudine.chauveau@noos.fr,Regnier-sur-Nicolas,2023-01-05,2024-12-30
465,Muller,Suzanne,suzanne.muller@tiscali.fr,,2023-06-03,2024-12-20
466,Imbert,Martine,martine.imbert@club-internet.fr,Leroyboeuf,2024-06-22,2025-04-19
467,Garcia,Patrick,patrick.garcia@tele2.fr,Albert,2024-03-02,2025-01-13
468,Samson,Valérie,valérie.samson@laposte.net,,2023-11-22,2025-06-27
469,Boucher,Julie,julie.boucher@club-internet.fr,Cordier,2024-10-11,2025-08-15
470,Vallet,Zoé,zoé.vallet@yahoo.fr,,2022-11-30,2025-08-21
471,Weber,Théodore,théodore.weber@club-internet.fr,Dupont,2024-07-08,2025-03-17
472,Carlier,Richard,richard.carlier@yahoo.fr,,2023-11-19,2025-06-20
473,Joubert,Margaud,margaud.joubert@sfr.fr,Sainte Roland,2022-11-30,2025-04-30
474,Nicolas,Richard,richard.nicolas@ifrance.com,,2023-04-14,2025-09-10
475,Laporte,Adèle,adèle.laporte@dbmail.com,Adam-sur-Benoit,2024-09-25,2025-08-05
476,De Sousa,Olivier,olivier.de sousa@laposte.net,,2023-03-27,2025-04-27
477,Hamel,Marine,marine.hamel@tele2.fr,Saint HenrietteVille,2022-12-24,2025-03-24
478,Vallet,Renée,renée.vallet@laposte.net,Alves,2023-11-21,2025-08-24
479,Pons,Laure,laure.pons@laposte.net,,2024-03-25,2025-07-14
480,Buisson,Benjamin,benjamin.buisson@tiscali.fr,Mary,2024-04-02,2025-10-24
481,Boulanger,Marianne,invalid_email,Sainte Jeannineboeuf,2022-12-22,2025-10-29
482,Payet,Nath,nath.payet@sfr.fr,Grondin-sur-Mer,2023-02-04,2025-05-13
483,Leroux,Martin,martin.leroux@noos.fr,Bonnet,2024-06-14,2025-09-02
484,Dijoux,Christophe,christophe.dijoux@bouygtel.fr,Bouvetboeuf,2024-04-23,2025-04-13
485,Picard,Claire,claire.picard@orange.fr,Bousquet,2024-07-31,2025-06-12
486,Vasseur,Philippe,philippe.vasseur@orange.fr,Pariss,2023-02-26,2024-11-30
487,Leclerc,Philippine,philippine.leclerc@dbmail.com,Poirier,2023-03-18,2025-07-16
488,Guilbert,Marcelle,marcelle.guilbert@free.fr,Saint Alice-les-Bains,2024-05-28,2024-11-09
489,Poulain,Arthur,arthur.poulain@laposte.net,,2023-06-14,2024-11-13
490,Pages,Frédérique,frédérique.pages@voila.fr,,2024-06-27,2025-05-31
491,Marie,Charlotte,charlotte.marie@hotmail.fr,Gilles-les-Bains,2023-12-12,2025-06-24
492,Samson,Alex,alex.samson@sfr.fr,Brunetboeuf,2023-10-08,2025-09-20
493,Techer,Michel,michel.techer@voila.fr,Toussaintdan,2023-05-23,2024-12-01
494,Lecomte,Brigitte,brigitte.lecomte@laposte.net,Adam,2024-09-11,2024-11-29
495,Leblanc,Laure,laure.leblanc@laposte.net,Ledoux,2023-12-20,2025-09-02
496,Mace,David,david.mace@yahoo.fr,Alves-sur-Besnard,2023-12-08,2025-05-26
497,Collin,Claudine,claudine.collin@sfr.fr,,2024-04-23,2025-06-30
498,Laine,Roger,roger.laine@live.com,Boucher,2022-12-07,2025-05-26
499,Fouquet,Grégoire,grégoire.fouquet@gmail.com,,2023-12-09,2024-12-19
500,Richard,Zacharie,zacharie.richard@yahoo.fr,,2024-03-31,2025-07-20
452,Lévy,Christiane,christiane.lévy@sfr.fr,Sainte Charlotte,2024-08-28,2025-03-25
175,Martel,Agnès,agnès.martel@orange.fr,Sanchez,2024-10-02,2024-11-06
16,Royer,Christophe,christophe.royer@bouygtel.fr,Augernec,2023-05-09,2025-05-28
394,Vallet,Philippe,philippe.vallet@yahoo.fr,Girard,2024-08-23,2025-06-07
193,Goncalves,Laure,laure.goncalves@club-internet.fr,Pariss,2023-09-21,2025-09-19
41,Blin,Pauline,pauline.blin@yahoo.fr,Morel,2022-12-10,2024-11-30
125,Rodriguez,Alexandre,alexandre.rodriguez@tiscali.fr,PotierVille,2023-06-10,2025-04-13
318,Gérard,Henri,henri.gérard@wanadoo.fr,Da Silva-les-Bains,2024-03-10,2024-11-03
188,Laroche,Hugues,hugues.laroche@voila.fr,,2023-03-21,2025-03-22
141,Bourgeois,Hugues,hugues.bourgeois@wanadoo.fr,,2023-02-27,2024-11-25
377,Peltier,Claudine,claudine.peltier@dbmail.com,,2024-02-03,2025-01-11
87,Hoareau,Marianne,marianne.hoareau@club-internet.fr,Leconte-sur-Potier,2024-04-22,2025-03-18
144,Thomas,Catherine,catherine.thomas@club-internet.fr,Guilbert,2023-03-07,2025-07-17
102,Lévy,Nathalie,nathalie.lévy@orange.fr,Evrard-les-Bains,2023-12-02,2025-08-21
50,Briand,Thérèse,thérèse.briand@live.com,,2024-10-05,2024-11-05
200,Noël,Célina,célina.noël@hotmail.fr,Sainte Élisabeth-la-Forêt,2023-08-13,2025-09-02
319,Pierre,Luce,luce.pierre@bouygtel.fr,Bernard,2023-05-06,2025-02-15
464,Chauveau,Claudine,claudine.chauveau@noos.fr,Regnier-sur-Nicolas,2023-01-05,2024-12-30
24,Normand,Guy,guy.normand@laposte.net,Marques,2023-08-30,2025-03-26
153,Mahe,Marguerite,marguerite.mahe@tiscali.fr,Saint Lucie,2023-08-07,2025-02-28
